station#,address,lat,long,FIPS_address,FIPS_latlong,RUCA_address,RUCA_latlong,U/R/H
358,1501 Roxas Blvd   Pasay City 1302 PI ,14.5513747,120.9897611,,,,
402,1 VA Center   Augusta ME 04330,44.27902786,-69.70169101,,23011010600,,5.0
405,215 N. Main St.   White River Junction VT 05009,43.65024951,-72.32225943,,50027965600,,4.0
460,1601 Kirkwood Highway   Wilmington DE 19805,39.73875872,-75.60563175,,10003012200,,1.0
463,1201 North Muldoon Road   Anchorage AK 99504,61.23137545,-149.7435777,02020000300,02020000300,1.0,1.0
442,2360 E. Pershing Blvd.   Cheyenne WY 82001,41.145802,-104.7898097,56021001401,56021000600,1.0,1.0
438,2501 West 22nd Street   Sioux Falls SD 57117,43.53298361,-96.75468353,,46099001200,,1.0
436,3687 Veterans Drive   Fort Harrison MT 59636,46.61776938,-112.1018811,30049000600,30049000600,5.0,5.0
459,459 Patterson Road   Honolulu HI 96819,21.36122475,-157.8888936,15003006701,15003006701,1.0,1.0
437,2101 Elm Street   Fargo ND 58102,46.90686791,-96.77684143,38017000100,38017000100,1.0,1.0
464,1501 San Pedro Drive SE   Albuquerque NM 87108,#N/A,#N/A,35001000903,,1.0,
469,1670 Clairmont Road   Decatur GA 30033,#N/A,#N/A,13089021504,,1.0,
467,6010 Amarillo Blvd. West   Amarillo TX 79106,#N/A,#N/A,48375011700,,1.0,
470,950 15th Street   Augusta GA 30901,#N/A,#N/A,13245011000,,1.0,
468,2215 Fuller Road   Ann Arbor MI 48105,#N/A,#N/A,26161402200,,1.1,
466,2907 Pleasant Valley Boulevard   Altoona PA 16602,#N/A,#N/A,42013101200,,1.0,
465,2495 Shreveport Highway   Pineville LA 71360,#N/A,#N/A,22079011700,,1.0,
473,10000 Bay Pines Blvd.   Bay Pines FL 33708,#N/A,#N/A,12103025106,,1.0,
471,10 North Greene Street   Baltimore MD 21201,#N/A,#N/A,24510040200,,1.1,
472,5500 Armstrong Rd.   Battle Creek MI 49037,#N/A,#N/A,26025002600,,1.0,
474,200 Veterans Avenue   Beckley WV 25801,#N/A,#N/A,54081000200,,1.0,
476,300 Veterans Blvd.   Big Spring TX 79720,#N/A,#N/A,48227950400,,4.0,
477,400 Veterans  Avenue   Biloxi MS 39531,#N/A,#N/A,28047003700,,1.0,
475,200 Springs Road   Bedford MA 01730,#N/A,#N/A,25017359100,,1.0,
480,130 West Kingsbridge Road   Bronx NY 10468,#N/A,#N/A,36005026100,,1.0,
482,325 New Castle Road   Butler PA 16001,#N/A,#N/A,42019902800,,4.1,
483,500 W. Fort Street   Boise ID 83702,#N/A,#N/A,16001000201,,1.0,
479,150 South Huntington Avenue   Boston MA 02130,#N/A,#N/A,25025120700,,1.0,
484,109 Bee Street   Charleston SC 29401,#N/A,#N/A,45019000600,,1.0,
481,3495 Bailey Avenue   Buffalo NY 14215,#N/A,#N/A,36029004602,,1.0,
478,700 South 19th Street   Birmingham AL 35233,#N/A,#N/A,,,,
538,17273 State Route 104   Chillicothe OH 45601,39.39082002,-83.01264583,39141955601,39141955601,5.0,5.0
540,1 Medical Center Drive   Clarksburg WV 26301,39.270344,-80.270344,54033030500,54033031100,4.1,4.1
542,1400 Black Horse Hill Road   Coatesville PA 19320,39.99963406,-75.79884209,42029311401,42029311401,1.0,1.0
539,3200 Vine Street   Cincinnati OH 45220,39.13819147,-84.50953137,39061003200,39061003200,1.0,1.0
541,10701 East Blvd   Cleveland OH 44106,41.51266168,-81.61335376,39035118700,39035118700,1.0,1.0
544,6439 Garners Ferry Road   Columbia SC 29209,33.97992799,-80.96190285,45079011604,45079011604,1.0,1.0
537,820 S Damen Street   Chicago IL 60612,41.87115268,-87.67645928,17031838200,17031838200,1.0,1.0
546,1201 N W 16th Street   Miami FL 33125,25.79040895,-80.21616801,12086003004,12086003004,1.0,1.0
549,4500 S. Lancaster Road   Dallas TX 75216,32.69415567,-96.7928518,48113008704,48113008704,1.0,1.0
548,7305 N. Military Trail   West Palm Beach FL 33410,26.78401432,-80.10743851,,12099001003,,1.0
552,4100 West Third Street   Dayton OH 45428,39.74935649,-84.25315249,,39113004600,,1.0
553,4646 John R.   Detroit MI 48201,42.35515824,-83.06027532,26163517500,26163517500,1.0,1.0
554,1055 Clermont Street   Denver CO 80220,39.73107851,-104.9351402,08031004301,08031004301,1.0,1.0
558,508 Fulton Street   Durham NC 27705,36.0097559,-78.93726913,37063001502,37063001502,1.1,1.1
550,1900 E. Main   Danville IL 61832,40.13172636,-87.59236373,17183011200,17183011200,1.0,1.0
557,1826 Veterans Boulevard   Dublin GA 31021,32.53827394,-82.94034933,13175950500,13175950500,4.0,4.0
561,385 Tremont Avenue   East Orange NJ 07018,40.75389361,-74.234574,34013011400,34013011400,1.0,1.0
562,135 East 38th Street   Erie PA 16504,42.10287433,-80.06478839,42049002900,42049002900,1.0,1.0
556,3001 Greenbay Road   North Chicago IL 60064,42.3084096,-87.86239466,17097863004,17097863004,1.0,1.0
565,2300 Ramsey Street   Fayetteville NC 28301,35.09056785,-78.87764408,37051001200,37051001200,1.0,1.0
568,113 Comanche Road   Fort Meade SD 57741,44.41211343,-103.4685312,46093020302,46093020302,2.0,2.0
564,1100 N. College Avenue   Fayetteville AR 72703,36.07721996,-94.1569769,05143010107,05143010107,1.0,1.0
578,5th Street & Roosevelt Avenue   Hines IL 60141,41.86438,-87.838306,,17031817600,,1.0
570,2615 E. Clinton Avenue   Fresno CA 93703,36.77228206,-119.7792596,06019003400,06019003400,1.0,1.0
573,1601 S W Archer Road   Gainesville FL 32608,29.63841006,-82.34528593,12001000809,12001000902,1.0,1.0
575,2121 N. Avenue   Grand Junction CO 81501,39.077183,-108.540342,08077000700,08077000700,1.0,1.0
580,2002 Holcombe Blvd.   Houston TX 77030,29.70597484,-95.38988788,48201314001,48201314001,1.0,1.0
583,1481 W. Tenth Street   Indianapolis IN 46202,39.77981277,-86.18646119,18097391000,18097391000,1.0,1.0
586,1500 E. Woodrow Wilson Drive   Jackson MS 39216,32.32678937,-90.16847028,28049001300,28049001300,1.0,1.0
585,325 East H Street   Iron Mountain MI 49801,45.81152465,-88.06336382,26043950500,26043950500,4.0,4.0
590,100 Emancipation Drive   Hampton VA 23667,37.01530154,-76.33333105,,51650011400,,1.0
581,1540 Spring Valley Drive   Huntington WV 25704,38.38404077,-82.51771945,54099020100,54099020100,1.0,1.0
589,4801 Linwood Blvd.   Kansas City MO 64128,39.06719701,-94.52885642,29095005801,29095005801,1.0,1.0
595,1700 South Lincoln Avenue   Lebanon PA 17042,40.31380858,-76.40772467,42075003400,42075003400,1.1,1.1
596,2250 Leestown Rd.   Lexington KY 40511,38.07478814,-84.53747331,21067003702,21067003702,1.0,1.0
598,4300 West Seventh Street   Little Rock AR 72205,34.74504221,-92.32191053,05119004800,05119004800,1.0,1.0
600,5901 E. Seventh Street   Long Beach CA 90822,33.77538262,-118.1198389,,06037574700,,1.0
605,11201 Benton Street   Loma Linda CA 92357,34.05018716,-117.2522993,,06071007306,,1.1
593,6900 North Pecos Road   North Las Vegas NV 89086,36.16038335,-115.1713494,,32003000203,,1.0
603,800 Zorn Avenue   Louisville KY 40206,38.27076998,-85.69424549,21111007603,21111007603,1.0,1.0
608,718 Smyth Road   Manchester NH 03104,43.01199413,-71.43922567,33011000901,33011000901,1.1,1.1
607,2500 Overlook Terrace   Madison WI 53705,43.07514979,-89.43112079,55025003200,55025003200,1.0,1.0
612,150 Muir Rd   Martinez CA 94553,37.99474385,-122.1122439,06013321101,06013321101,1.1,1.1
613,510 Butler Ave   Martinsburg WV 25405,39.41726453,-77.91099751,54003972000,54003972000,1.0,1.0
614,1030 Jefferson Avenue   Memphis TN 38104,35.14244974,-90.02529821,47157003800,47157003800,1.0,1.0
618,One Veterans Drive   Minneapolis MN 55417,44.90191,-93.20377566,,27053980000,,1.0
620,2094 Albany Post Road   Montrose NY 10548,41.24516001,-73.9265034,,36119984000,,1.0
610,1700 E. 38th Street   Marion IN 46953,40.52366825,-85.63726682,18053000900,18053000900,4.0,4.0
619,215 Perry Hill Road   Montgomery AL 36109,32.37991081,-86.24656663,01101002700,01101002700,1.0,1.0
621,Sidney & Lamont Streets   Mountain Home TN 37684,36.311152,-82.3731329,,47179062000,,1.0
623,1011 Honor Heights Drive   Muskogee OK 74401,35.76323017,-95.41321692,40101000100,40101000100,4.0,4.0
629,1601 Perdido Street   New Orleans LA 70112,29.9536413,-90.07926252,22071013400,22071013400,1.0,1.0
626,1310 24th Avenue South   Nashville TN 37212,36.14234295,-86.80479904,47037016500,47037016500,1.0,1.0
631,421 N MAIN ST   Leeds MA 01053,42.3481155,-72.68747193,25015821700,25015821700,1.1,1.1
630,423 East 23rd Street   New York NY 10010,40.73659017,-73.97760874,36061006200,36061006200,1.0,1.0
632,79 Middleville Road Bldg 200  Northport NY 11768,40.89905079,-73.3141358,36103110803,36103110803,1.0,1.0
636,4101 Woolworth Avenue   Omaha NE 68105,41.24508585,-95.97444743,31055003800,31055003800,1.0,1.0
635,921 NE 13th Street   Oklahoma City OK 73104,35.48242044,-97.49572349,40109101500,40109101500,1.0,1.0
637,1100 Tunnel Road   Asheville NC 28805,35.58726341,-82.48584996,37021001802,37021001802,1.0,1.0
640,3801 Miranda Avenue   Palo Alto CA 94304,37.40306755,-122.1420082,06085511705,06085511705,1.1,1.1
646,University Drive C   Pittsburgh PA 15240,40.4462267,-79.96222269,,42003051000,,1.0
644,650 E. Indian School Road   Phoenix AZ 85012,33.4947299,-112.0659095,04013117100,04013110502,1.0,1.0
642,3900 Woodland Avenue   Philadelphia PA 19104,39.94974725,-75.20116487,42101036900,42101036900,1.0,1.0
648,3710 SW US Veterans Hospital Rd.   Portland OR 97239,45.49603531,-122.6843373,41051005800,41051005800,1.0,1.0
650,830 Chalkstone Avenue   Providence RI 02908,41.83389631,-71.43477641,44007002300,44007002200,1.1,1.1
654,975 Kirman Ave   Reno NV 89502,39.51585676,-119.7985783,32031000700,32031000700,1.0,1.0
652,1201 Broad Rock Boulevard   Richmond VA 23249,37.49829574,-77.47033101,,51760070900,,1.0
653,913 NW Garden Valley Blvd.   Roseburg OR 97471,43.22876363,-123.3678435,41019080000,41019080000,4.0,4.0
649,500 Highway 89 North   Prescott AZ 86313,34.54788746,-112.4495909,,04025000900,,1.0
655,1500 Weiss Street   Saginaw MI 48602,43.44365971,-83.96196117,26145010401,26145010401,1.0,1.0
657,915 North Grand   St. Louis MO 63106,38.64147597,-90.22995857,29510119300,29510119300,1.0,1.0
659,1601 Brenner Avenue   Salisbury NC 28144,35.68269047,-80.48655817,37159050500,37159050500,1.1,1.1
658,1970 Roanoke Boulevard   Salem VA 24153,37.27613028,-80.0243389,51775010300,51775010300,1.0,1.0
660,500 Foothill Blvd.   Salt Lake City UT 84148,40.75832011,-111.8385519,49035101400,49035101400,1.0,1.0
662,4150 Clement Street   San Francisco CA 94121,37.78122333,-122.5036358,06075980200,06075980200,1.0,1.0
656,4801   8th Street N.   St. Cloud MN 56303,45.56775302,-94.21778876,27145001001,27145001001,1.0,1.0
664,3350 La Jolla Village Drive   San Diego CA 92161,32.87187681,-117.2314203,,06073008305,,1.0
666,1898 Fort Road   Sheridan WY 82801,44.82737068,-106.9874884,56033000600,56033000600,5.0,5.0
663,1660 S. Columbian Way   Seattle WA 98108,47.56215891,-122.3112828,53033010001,53033010001,1.0,1.0
667,510 East Stoner Avenue   Shreveport LA 71101,32.50006472,-93.72268856,22017021300,22017021300,1.0,1.0
668,4815 N. Assembly Street   Spokane WA 99205,47.70193154,-117.4755833,53063000900,53063000900,1.0,1.0
672,10 Calle Casia   San Juan PR 00921,18.390686,-66.079235,,72127008400,,1.0
673,13000 Bruce B Downs Blvd.   Tampa FL 33612,28.0646923,-82.42623717,12057010814,12057010814,1.0,1.0
671,7400 Merton Minter Blvd.   San Antonio TX 78229,29.50848764,-98.58089701,48029181402,48029181402,1.0,1.0
674,1901 Veterans Memorial Drive   Temple TX 76504,31.0779884,-97.34916791,,48027020900,,1.0
675,5201 Raymond Street   Orlando FL 32803,28.57909012,-81.32026632,,12095018200,,1.0
676,500 East Veterans Street   Tomah WI 54660,44.00108649,-90.49398888,55081950600,55081950600,7.0,7.0
679,3701 Loop Road   Tuscaloosa AL 35404,33.19321615,-87.48825714,01125012303,01125012303,1.0,1.0
687,77 Wainwright Drive   Walla Walla WA 99362,46.05313057,-118.3552835,53071920600,53071920600,1.0,1.0
688,50 Irving Street NW   Washington DC 20422,38.93106282,-77.01083544,11001002302,11001002302,1.0,1.0
692,8495 Crater Lake Hwy.   White City OR 97503,42.43980049,-122.836388,,41029001301,,1.0
678,3601 South Sixth Avenue   Tucson AZ 85723,32.1811082,-110.968287,,04019002400,,1.0
689,950 Campbell Avenue   West Haven CT 06516,41.28436954,-72.95728125,09009361500,09009361500,1.1,1.1
693,1111 East End Boulevard   Wilkes-Barre PA 18711,41.24759563,-75.84127371,,42079215200,,1.0
691,11301 Wilshire Blvd.   West Los Angeles CA 90073,34.053336,-118.458098,,06037701100,,1.0
740,2601 Veterans Drive   Harlingen TX 78550,26.17707245,-97.66438234,48061011302,48061011302,1.1,1.1
756,5001 N. Piedras Street   El Paso TX 79930,31.81888967,-106.4615139,48141010600,48141010600,1.0,1.0
757,420 N James Road   Columbus OH 43219,39.98024278,-82.91239555,39049009210,39049002710,1.0,1.0
695,5000 W. National Avenue   Milwaukee WI 53295,43.01967111,-87.97611884,,55079186800,,1.0
402GA,163 Van Buren Road Suite 6  Caribou ME 04736,46.87957763,-68.01096008,23003951300,23003951300,7.0,7.0
402GB,50 Union Street   Calais ME 04619,45.18938945,-67.28065739,23029955500,23029955500,7.0,7.0
402GC,431 Franklin Street   Rumford ME 04276,44.55181331,-70.55735948,23017965600,23017965600,7.0,7.0
402GE,15 Challenger Drive   Lewiston ME 04240,44.067951,-70.185241,23001020600,23001020600,1.1,1.1
402GD,655 Main Street   Saco ME 04072,43.51453262,-70.42938386,23031005200,23031005200,1.0,1.0
402HB,35 State Hospital Street   Bangor ME 04401,44.81016155,-68.74929053,23019000300,23019000300,1.0,1.0
402HC,144 Fore Street Suite 200  Portland ME 04101,43.66120473,-70.24765697,23005000300,23005000300,1.0,1.0
402HL,     ,#N/A,#N/A,,,,
405GA,186 North Street   Bennington VT 05201,42.8812526,-73.19710059,,50003971200,,4.0
405GC,71 GSP Drive   Brattleboro VT 05301,42.83031882,-72.56761547,50025968500,50025968500,7.0,7.0
405HA,162 Hegeman Ave. Unit 100  Colchester VT 05446,44.50745006,-73.14687137,50007002200,50007002200,1.0,1.0
405HC01,141 Railroad Street   St. Johnsbury VT 5819,44.41457118,-72.01671867,,50005957400,,7.0
405HF,215 Stratton Road   Rutland VT 05701,43.60245219,-72.95597912,50021963300,50021963300,4.0,4.0
405HC,685 Meadow Street Suite 4  Littleton NH 03561,44.302716,-71.80410978,33009960100,33009960100,7.0,7.0
436GA,118 EAST 7TH STREET   ANACONDA MT 59711,46.12418795,-112.9536483,30023000300,30023000300,7.2,7.2
436GC,2687 Palmer Street Suite C  MISSOULA MT 59808,46.88702887,-114.0300918,30063000201,30063000201,1.0,1.0
436GD,300 NORTH WILSON SUITE 703G  BOZEMAN MT 59715,45.68209922,-111.0387398,30031000701,30031000701,4.0,4.0
436GH,2345 KING AVENUE WEST   BILLINGS MT 59102,45.75521411,-108.5741298,30111001702,30111001702,1.0,1.0
436GF,31  3 Mile Drive   Kalispell MT 59901,48.211538,-114.332875,30029000900,30029000900,4.0,4.0
436GI,630 2nd Avenue South Suite A  Glasgow MT 59230,48.19473529,-106.6386139,30105100500,30105100500,7.0,7.0
436GH01,1775 Spring Creek Lane   Billings MT 59102,45.73772229,-108.6059299,30111001704,30111001704,1.0,1.0
436GB,1417 9th Street S. Suite 200  GREAT FALLS MT 59405,47.4953123,-111.2824201,30013002200,30013000800,1.0,1.0
436GJ,210 South Winchester   Miles City MT 59301,46.4059995,-105.8304692,30017961600,30017961600,7.0,7.0
436GK,2000 Montana Ave.   Glendive MT 59330,47.12680028,-104.6899089,30021000300,30021000300,7.0,7.0
436GM,629 NE Main Street   Lewistown MT 59457,47.07014882,-109.4084758,30027030100,30027030200,8.0,7.0
437GA,700 West 6th Street   Grafton ND 58237,48.41799794,-97.42142898,38099958000,38099958000,7.0,7.0
437GB,2700 State Street Suite 5  Bismarck ND 58503,46.8361812,-100.7730598,38015011101,38015011101,1.0,1.0
436GL,8 Second Ave NE   Cut Bank MT 59427,48.63469036,-112.3302292,30035976000,30035976000,7.0,7.0
437GE,705 5th Street   Bemidji MN 56601,47.47269922,-94.8886048,27007450600,27007450600,4.0,4.0
437GD,10 Missile Avenue   Minot ND 58705,48.41848926,-101.3215831,,38101010900,,7.2
437GC,1839 North Park Street   Fergus Falls MN 56537,46.3018986,-96.07630767,27111960900,27111960900,4.0,4.0
437GF,205 Main Street   Williston ND 58801,48.14554761,-103.6217437,38105954100,38105954100,4.0,4.0
437GI,3221 32nd Ave South   Grand Forks ND 58201,47.88945817,-97.07475085,38035011700,38035010804,2.0,1.0
438GC,1551 Indian Hills Dr. Suite 206  Sioux City IA 51104,42.53282636,-96.38998008,19193000300,19193000300,1.0,1.0
438GA,1310 Lake Street   Spirit Lake IA 51360,43.4235384,-95.10983509,19059450500,19059450500,4.0,4.0
438GE,400 W Highway 46-50   Wagner SD 57380,43.08177355,-98.29766215,,46023940300,,10.0
438GD,2301 8th Ave NE Suite 225  Aberdeen SD 57401,45.4737413,-98.4555826,46013951300,46013951400,4.0,4.0
438GF,917 29th Street SE   Watertown SD 57201,44.889706,-97.06817597,46029954501,46029954501,4.0,4.0
442GD,2001 70th AVENUE Suite 200  Greeley CO 80634,40.40675895,-104.7929855,08123001407,08123001407,1.1,1.1
459GB,1285 Waianuenue Suite 211  Hilo HI 96720,19.71742218,-155.1135142,15001020802,15001020802,4.0,4.0
442HK,2360 East Pershing Boulevard   Cheyenne WY 82001,#N/A,#N/A,56021001401,,1.0,
459GA,203 Ho'ohana Street Suite 303  Kahului HI 96732,20.88698573,-156.4632236,15009031900,15009031900,1.0,1.0
459GF,Fiatele Teo Army Reserve Building   Pago Pago AS 96799,-14.278,-170.7025,,60010950600,,
442GC,2509 RESEARCH BLVD   FORT COLLINS CO 80526,40.55465964,-105.0866489,08069001111,08069001111,1.0,1.0
459GC,75-377 Hualalai Road   Kailua-Kona HI 96740,19.63136606,-155.9772501,15001021601,15001021601,4.0,4.0
459GE,498 Chalan Palasyo   Agana Heights GU 96910,13.46420229,144.7987993,,66010952700,,
442GB,1116  10th Avenue   Sidney NE 69162,41.14267528,-102.9767695,31033955000,31033955000,7.0,7.0
459GD,4485 Pahe e Street Suite 150  Lihue HI 96766,21.97018789,-159.3825869,15007040400,15007040400,4.0,4.0
460GA,15 Georgetown Plaza   Georgetown DE 19947,38.6798928,-75.39613045,10005050501,10005050501,9.0,9.0
460GC,1198 S. Governors Avenue Suites 201  Dover DE 19901,39.13875,-75.526604,,10001041500,,1.1
460HE,1909 New Road   Northfield NJ 08225,39.36867871,-74.56047566,34001012302,34001012402,1.0,1.0
460GD,1 Munro Avenue TRACEN Dispensary  Cape May NJ 08204,38.94675756,-74.888513,34009022000,34009022000,1.1,1.1
463GB,11312 Kenai Spur Highway Suite 39  Kenai AK 99611,60.55458332,-151.2555576,02122000600,02122000600,7.0,7.0
463GA,4076 Neeley Road Room 1J-101  Fort Wainwright AK 99703,64.82786268,-147.6908058,,02090001100,,1.0
501G2,624 University Ave.   Las Vegas NM 87701,35.59587891,-105.2160562,,35047957300,,4.1
463GC,865 N Seward Meridian Parkway Suite 105  Wasilla AK 99654,61.58998877,-149.3597015,02170001004,02170001004,4.1,4.1
460HG,1051 W Sherman Avenue Bldg 3 Unit B  Vineland NJ 08360,39.44702765,-75.04877154,34011041000,34011041000,1.1,1.1
501GB,1001 West Broadway Suite C   Farmington NM 87401,36.72853903,-108.2217845,35045000402,35045000402,1.0,1.0
501GD,520 State Hwy 564   Gallup NM 87301,35.50224433,-108.7383948,,35031945500,,4.0
501GC,1302 32nd Street   Silver City NM 88061,32.79549673,-108.2619292,35017964300,35017964300,4.0,4.0
501GH,1960 N Date Street   Truth or Consequences NM 87901,33.15097401,-107.2461572,35051962200,35051962200,7.0,7.0
501GA,1700 West Main Street   Artesia NM 88210,32.84227306,-104.4178702,35015001000,35015001000,4.0,4.0
501GI,3199 N White Sands Blvd Suite D10  Alamogordo NM 88310,32.92885596,-105.9618961,35035000500,35035000500,4.0,4.0
501GE,105 S.  Coronado Avenue Suite B  Espanola NM 87532,35.98624134,-106.084207,35039940700,35039940700,2.0,2.0
501GK,2213 Brothers Road Suite 600  Sante Fe NM 87505,35.65058324,-105.9525181,35049001102,35049001102,1.0,1.0
501GM,1760 Grande Blvd SE   Rio Rancho NM 87124,#N/A,#N/A,35043010719,,1.0,
501GJ,1970 E Third Ave. Suite 102  Durango CO 81301,37.28407566,-107.8743709,08067971000,08067971000,4.0,4.0
501HB,1275 South 2nd Street   Raton NM 87740,36.88002377,-104.4399066,35007950600,35007950500,7.0,7.0
502GB,2100 Jefferson Street Bldg B  Lafayette LA 70501,30.21394918,-92.00845617,22055002200,22055002200,1.0,1.0
502GA,1907 Johnson Street   Jennings LA 70546,30.23823412,-92.66141498,22053000500,22053000500,7.1,7.1
502GF,3353 University Parkway   Leesville LA 71446,31.12208197,-93.25358554,22115950600,22115950600,7.0,7.0
502GG,740 Keyser Ave   Natchitoches LA 71457,31.75306432,-93.07157168,22069000500,22069000500,4.0,4.0
503GB,190 West Park Ave Suite 8 Park View Professional Complex  DuBois PA 15801,41.12148329,-78.76275804,,42033330300,,4.0
503GC,3048 Enterprise Drive Ferguson Square Bldg #1  State College PA 16801,40.76496161,-77.8810572,,42027011501,,1.0
504BY,6104 Avenue Q South Drive   Lubbock TX 79412,33.54034309,-101.8478816,48303002204,48303002204,1.0,1.0
503GA,1425 Scalp Avenue Suite 29  Johnstown PA 15904,40.27156825,-78.85798972,42021013700,42021013700,1.0,1.0
504BZ,921 East Llano Estacado Blvd.   Clovis NM 88101,34.4337647,-103.1940616,35009000304,35009000304,4.0,4.0
506GA,1200 S. Detroit Avenue   Toledo OH 43614,41.61240624,-83.62166671,39095010200,39095006800,1.0,1.0
506GB,G2360 South Linden Rd   Flint MI 48532,42.99138167,-83.77242006,,26049010910,,1.1
508GA,1513 Cleveland Ave. Suite 300 Buggy Works Office Park  East Point GA 30344,33.6795136,-84.43869178,,13121011100,,1.0
506GC,4328 Page Avenue   Michigan Center MI 49254,42.23521021,-84.33559095,26075006100,26075006100,1.0,1.0
508GE,3931 Mundy Mill Road Suite C  Oakwood GA 30566,34.23415247,-83.87205595,13139001403,13139001403,1.1,1.1
504GA,1001 Highway 38 North PO Box 1030  Childress TX 79201,34.43874704,-100.22585,,48075950200,,7.1
508GF,2041 Mesa Valley Way Suite 185  Austell GA 30106,33.85466556,-84.61419447,13067031406,13067031406,1.0,1.0
508GG,175 Medical Blvd.   Stockbridge GA 30281,33.51191857,-84.22523193,13151070114,13151070114,1.0,1.0
508GH,1970 Riverside Parkway   Lawrenceville GA 30043,33.97113675,-84.03473431,13135050540,13135050540,1.0,1.0
508GI,39-A Oak Hill Court   Newnan GA 30265,33.40143669,-84.71059897,13077170306,13077170306,1.0,1.0
508GK,180 Martin Drive   Carrollton GA 30117,#N/A,#N/A,13045910300,,5.1,
509A0,1 Freedom Way   Augusta GA 30904,33.46844365,-82.02531008,13245001200,13245001200,1.0,1.0
512A5,"Circle Drive  Building 5H" "VAMC Perry Point  MD Division (512A5)"  Perry Point,MD,21902,,,,
508GJ,1294 Highway 515 East   Blairsville GA 30512,34.86873261,-83.97663219,13291000205,13291000205,10.1,10.1
509GB,951 Millbrook Avenue   Aiken SC 29803,33.52141279,-81.72010424,45003021203,45003021203,1.0,1.0
512GA,830 Chesapeake Drive   Cambridge MD 21613,38.55163055,-76.05537147,24019970702,24019970702,4.0,4.0
512GC,808 Landmark Drive Suite 128  Glen Burnie MD 21061,39.14824589,-76.64262199,24003740201,24003740201,1.1,1.1
512GD,3901 The Alameda   Baltimore MD 21218,39.33616753,-76.5974552,24510090200,24510090200,1.1,1.1
509GA,9249 Hwy 29 S.   Athens GA 30601,34.0282439,-83.3176552,,13195020500,,2.0
512GF,9600 North Point Road   Fort Howard MD 21052,39.203339,-76.445386,,24005451900,,1.1
515GA,5000 Hakes Drive   Muskegon MI 49441,43.23418459,-86.23988261,26121002500,26121000500,1.0,1.0
515BY,3019 Coit Street NE   Grand Rapids MI 49505,43.01790952,-85.65573923,26081000200,26081000200,1.0,1.0
515GB,2025 S Washington Avenue   Lansing MI 48910,42.71040649,-84.55367909,26065002300,26065002300,1.0,1.0
512GE,1701 Market Place Unit 211  Pocomoke City MD 21851,38.07581917,-75.56897084,24047951500,24047951500,7.1,7.1
516GA,5682 Bee Ridge Road Suite 100  Sarasota FL 34233,27.29878783,-82.45619932,12115001507,12115001507,1.0,1.0
515GC,115 Main Street   Benton Harbor MI 49022,42.11615998,-86.45520525,26021000400,26021000400,1.0,1.0
516GB,840 Dr. MLK Jr. Street North   St. Petersburg FL 33705,27.78063558,-82.64666673,,12103023500,,1.0
516BZ,3033 Winkler Extension   FT MYERS FL 33916,26.60465965,-81.84981,12071001201,12071001201,1.0,1.0
516GC,35209 US Hwy 19 North   Palm Harbor FL 34684,28.09210398,-82.73934046,,12103027316,,1.0
516GD,5520 SR 64   Bradenton FL 34208,27.49412957,-82.49278374,12081002011,12081002003,1.0,1.0
516GE,4161 Tamiami Trail Unit 4  Port Charlotte FL 33952,26.96891651,-82.08144283,12015021003,12015021003,1.1,1.1
516GH,3760 US Highway 27 South   Sebring FL 33870,27.465187,-81.43486694,,12055961200,,1.0
517GB,804 Industrial Park Road   Maxwelton WV 24957,37.86506624,-80.40820923,,54025950400,,8.0
518GD,130 Marshall Road   Lowell MA 01852,#N/A,#N/A,25017312200,,1.0,
518GA,225 Boston Street Suite 107  Lynn MA 01904,42.47023355,-70.95976112,25009205500,25009205500,1.0,1.0
518GC,59 Murdock Avenue   Winchendon MA 01475,42.68660158,-72.05241062,25027701100,25027701100,1.1,1.1
518GB,108 Merrimack Street   Haverhill MA 01830,42.77444721,-71.07921807,25009260100,25009260100,1.0,1.0
516GF,2685 Horseshoe Drive S. Suite 101  Naples FL 34104,26.16198183,-81.77391067,12021010401,12021010401,1.0,1.0
518GE,298 Washington Street   Gloucester MA 01930,42.62535761,-70.67919063,25009221800,25009221800,1.0,1.0
519GA,4241 N. Tanglewood   Odessa TX 79761,31.892351,-102.342129,,48135002503,,1.0
519GB,1601 N. Turner   Hobbs NM 88240,32.7156362,-103.1388077,35025000600,35025000600,4.0,4.0
519HC,3850 Ridgemont Drive   Abilene TX 79606,32.40480556,-99.76600799,48441012801,48441012801,1.0,1.0
519GD,387 W IH 10   Ft. Stockton TX 79735,30.90635741,-102.8820297,,48371950300,,7.0
519HF,2018 Pulliam   San Angelo TX 79605,31.470811,-100.404995,,48451000300,,1.0
520GA,1504 Springhill Avenue   Mobile AL 36604,30.69242447,-88.07279814,,01097000901,,1.0
520BZ,790 Veterans Way   Pensacola FL 32507,30.40046435,-87.29285026,12033002804,12033002804,1.0,1.0
519HD,1601 Columbia Street   Stamford TX 79553,32.92835673,-99.78504563,48253020400,48253020400,7.1,7.1
520GC,100 Veterans Way   Eglin AFB FL 32542,30.46209188,-86.55395836,,12091021400,,1.0
520GB,101 Vernon Avenue Bld 387  Panama City Beach FL 32407,30.17663474,-85.7599193,12005002601,12005002601,1.0,1.0
521GA,301 Governor's Drive SW   Huntsville AL 35801,34.71998422,-86.58379066,01089002000,01089003100,1.0,1.0
521GB,8075 Madison Blvd. Suite 101  Madison AL 35758,34.68893962,-86.72092827,01089011200,01089011200,1.0,1.0
521GC,422 DD Cox Boulevard   Sheffield AL 35660,34.751925,-87.680773,,01033020300,,1.0
521GD,206 Rescia Ave.   Gadsden AL 35906,33.96320265,-86.0317726,,01055010401,,1.0
521GE,96 Ali Way Creekside South  Oxford AL 36203,33.61081097,-85.82372612,01015001100,01015001100,1.0,1.0
523BY,130 Marshall Road   Lowell MA 01852,42.62108171,-71.31465902,25017312200,25017312200,1.0,1.0
521GF,3400 Highway 78 East Suite #215  Jasper AL 35501,33.84109926,-87.23653591,,01127020300,,2.0
521GI,100 Judy Smith Drive   Guntersville AL 35976,34.30590938,-86.28929866,,01095030701,,4.0
523A5,940 Belmont Street   Brockton MA 02301,42.06401878,-71.05726562,25023511702,25023511702,1.0,1.0
523GC,114 Whitwell St   Quincy MA 02169,42.25037629,-71.01460178,25021418101,25021418101,1.0,1.0
521GH,151 9th Ave NW   Childersburg AL 35044,33.2805928,-86.35672501,01121011300,01121011300,4.1,4.1
523A4,1400 VFW Parkway   West Roxbury MA 02132,42.27597744,-71.17241858,25025130402,25025130402,1.0,1.0
523GA,61 Lincoln Street Suite 112  Framingham MA 01702,42.28265296,-71.41717429,25017383400,25017383400,1.0,1.0
523BZ,251 Causeway Street   Boston MA 02114,42.36675756,-71.0588844,25025020303,25025020303,1.0,1.0
521GG,975 Ninth Avenue SW Suite 400  Bessemer AL 35020,33.39650132,-86.96895242,01073010200,01073010200,1.0,1.0
526GA,23 South Broadway   White Plains NY 10601,41.03277667,-73.76263467,36119009400,36119009400,1.0,1.0
528A7,800 Irving Avenue   Syracuse NY 13210,43.03872198,-76.13817428,36067004301,36067004301,1.0,1.0
526GD,4103 Queens Blvd.   Sunnyside NY 11104,40.74321942,-73.91695755,,36081025301,,1.0
528A8,113 Holland Avenue   Albany NY 12208,42.65154875,-73.77624695,36001002100,36001002100,1.0,1.0
528A4,222 Richmond Avenue   Batavia NY 14020,43.01022349,-78.19998196,36037950500,36037950500,4.1,4.1
528A5,400 Fort Hill Avenue   Canandaigua NY 14424,42.90082169,-77.2709049,36069050900,36069050900,1.0,1.0
528G1,3372 State Route 11 Main Street   Malone NY 12953,44.72974418,-74.26304288,,36033950400,,4.0
528G2,7426 NYS Route 9N   Westport NY 12993,44.20954933,-73.51263059,,36031960900,,10.3
526GB,2 Park Avenue   Yonkers NY 10701,40.939649,-73.892061,,36119000600,,1.0
528A6,76 Veterans Avenue   Bath NY 14810,42.34339814,-77.34777193,36101961100,36101961100,7.0,7.0
528G401,63 Third Street Apt 104  Mansfield PA 16933,41.79976886,-77.07324597,42117950600,42117950600,7.0,7.0
528G4,200 Madison Ave   Elmira NY 14901,42.09116032,-76.79921194,36015000700,36015000700,1.0,1.0
528G5,17 Lansing Street   Auburn NY 13021,42.94077682,-76.56374246,36011041400,36011041400,4.0,4.0
528G6,2623 State Highway 30A   Fonda NY 12068,42.96120579,-74.3865499,36057072200,36057072200,2.0,2.0
528G7,159 Jefferson Heights Suite 102  Catskill NY 12414,42.23178731,-73.87817802,36039081102,36039081102,7.1,7.1
528G3,109 North Main Street   Bainbridge NY 13733,42.30002872,-75.47137699,36017970801,36017970801,10.1,10.1
528G9,1451 Dryden Road   Freeville NY 13068,42.47233396,-76.398337,36109001400,36109001400,1.0,1.0
528G801,24 Maple View Lane Suite 2  Coudersport PA 16915,41.774381,-78.016152,,42105950300,,10.0
528G8,3458 Riverside Drive Rt 19  Wellsville NY 14895,42.14284541,-77.97484733,36003950700,36003950700,7.0,7.0
528GD,2201 Pine Avenue   NIAGARA FALLS NY 14301,43.09510948,-79.03526825,36063021300,36063021000,1.0,1.0
528GB,608 West 3rd Street   JAMESTOWN NY 14701,42.09430702,-79.25427638,36013030400,36013030400,4.0,4.0
528GE01,919 Westfall Road   Rochester NY 14618,43.11535321,-77.59611918,36055013001,36055013001,1.0,1.0
528GE,465 WESTFALL ROAD   ROCHESTER NY 14620,43.11501147,-77.60665024,36055013001,36055013001,1.0,1.0
528GE02,1867 Mt Hope Ave   Rochester NY 14620,43.11370745,-77.62292797,36055003805,36055003805,1.0,1.0
528GC,166 East 4th Street   DUNKIRK NY 14048,42.48404067,-79.32891434,36013035700,36013035700,4.0,4.0
528GL,1 Hospital Drive   Massena NY 13662,44.93678609,-74.90828845,36089490200,36089490200,4.0,4.0
528GK,5883 Snyder Dr.   Lockport NY 14094,43.13574984,-78.6936338,36063023401,36063023401,2.0,2.0
528GM,125 BROOKLEY ROAD BUILDING 510  ROME NY 13441,43.21290886,-75.41908809,36065022500,36065022500,4.1,4.1
528GN,425 Robinson Street   Binghamton NY 13901,42.10717038,-75.89561951,,36007000500,,1.0
528GO,19472 US Route 11   Watertown NY 13601,43.94867149,-75.91498834,36045062400,36045062400,2.0,2.0
528GP,437 State Route 104E   Oswego NY 13126,43.462779,-76.473589,,36075021605,,4.1
528GQ01,27 Franklin Street   Springville NY 14141,42.50928211,-78.66446878,36029015900,36029015900,7.1,7.1
528GW,1322 Gerling Street Sheridan Plaza  Schenectady NY 12308,42.82326201,-73.90944707,36093020101,36093020101,1.0,1.0
528GQ,227 Ridge Road   Lackawanna NY 14218,42.82706654,-78.84294823,36029017400,36029017400,1.0,1.0
528GT,84 Broad Street   Glens Falls NY 12801,43.30716062,-73.65148591,36113070200,36113070200,1.0,1.0
528GR,465 North Union Street   Olean NY 14760,42.08444239,-78.42991661,36009961700,36009961800,4.0,4.0
528GV,80 Sharron Avenue Suite 300  PLATTSBURGH NY 12901,44.67909436,-73.45169253,36019102200,36019102200,4.0,4.0
528GX,295 River Street   Troy NY 12180,42.73245787,-73.69032763,36083040700,36083040700,1.0,1.0
528GZ,63 Hurley St.   Kingston NY 12401,41.9367827,-74.02798708,36111952400,36111952400,1.1,1.1
529GA,295 N. Kerrwood Drive Suite 110  Hermitage PA 16148,41.23711579,-80.46324018,42085031400,42085031400,1.0,1.0
529GD,855 Route 58 Suite 1  Foxburg PA 16036,41.14704,-79.67919,,42031160500,,10.0
528GY,1673 Route 9   Clifton Park NY 12065,42.85946012,-73.76430586,,36091062405,,1.0
529GB,1750 New Butler Road   New Castle PA 16101,40.98462219,-80.31028329,,42073011000,,4.0
529GC,313 Ford Street Suite 2B  Ford City PA 16226,40.77110607,-79.53216022,42005951000,42005951000,4.1,4.1
529GF,1183 Freedom Road Suite A101  Cranberry Township PA 16066,40.68216428,-80.1235543,42019912102,42019912102,1.0,1.0
534GB,3381 Phillis Blvd.   Myrtle Beach SC 29577,33.67215714,-78.93649571,45051980100,45051980100,1.0,1.0
534BY,325 West Montgomery Crossroads   Savannah GA 31406,31.99584517,-81.11323073,,13051004210,,1.0
531GG,4521Thomas Jefferson Street   Caldwell ID 83605,43.65748252,-116.6463364,,16027021200,,1.1
534GC,1 Pinckney Blvd.   Beaufort SC 29902,32.39196897,-80.6855956,45013000800,45013000800,4.1,4.1
531GE,260  2nd Avenue East   Twin Falls ID 83301,42.55502983,-114.4672262,16083001100,16083001100,4.0,4.0
534GE,740 East General Stewart Way Suite 102  Hinesville GA 31313,31.85335928,-81.5804665,13179010300,13179010300,1.1,1.1
537BY,9301 Madison Street   Crown Point IN 46307,41.44909835,-87.34057914,18089042504,18089042504,1.0,1.0
534GD,9237 University Blvd.   North Charleston SC 29406,32.97743088,-80.07087354,45019003115,45019003115,1.0,1.0
538GA,510 West Union Street   Athens OH 45701,39.33103309,-82.12309943,39009972900,39009973101,4.0,4.0
538GB,840 Gallia Street   Portsmouth OH 45662,38.734234,-82.9949112,39145003600,39145003600,4.0,4.0
537GD,211 East Ontario Street   Chicago IL 60611,41.89328689,-87.62241157,17031081403,17031081403,1.0,1.0
537GA,30 East 15th Street Suite 314  Chicago Heights IL 60411,41.50419852,-87.63914732,17031828900,17031828900,1.0,1.0
538GC,418 Colgate Drive   Marietta OH 45750,39.42607345,-81.43619726,39167021000,39167021000,4.1,4.1
538GD,1550 Sheridan Drive Suite 100  Lancaster OH 43130,39.73886319,-82.56954306,39045031400,39045031400,4.1,4.1
539GA,103 Landmark Drive 3rd Floor  Bellevue KY 41073,39.10014116,-84.48498888,21037052100,21037052100,1.0,1.0
538GE,2146 Southgate Parkway   Cambridge OH 43725,40.00356534,-81.57627204,39059977300,39059977300,4.0,4.0
539GB,4600 Beechwood Road   Cincinnati OH 45244,39.11311869,-84.30510765,39025041405,39025041405,1.0,1.0
539GC,1600 Flossie Drive   Greendale IN 47025,39.12676404,-84.84210954,18029080400,18029080400,4.1,4.1
539GD,7711 Ewing Blvd   Florence KY 41042,38.99326573,-84.64007696,21015070100,21015070100,1.0,1.0
537HA,7731 S Halsted   Chicago IL 60620,41.75332101,-87.64409133,17031710100,17031710100,1.0,1.0
539GE,1750 South Erie Highway   Hamilton OH 45011,39.37923776,-84.5496963,39017000400,39017000400,1.0,1.0
540GB,2311 Ohio Avenue Suite A  Parkersburg WV 26101,39.28060721,-81.55089729,54107011000,54107011000,1.0,1.0
540GD,40 Commerce Drive Suite 101  Westover WV 26501,39.63044078,-79.98486163,54061011100,54061011100,1.0,1.0
540HK,1 Medical Center Drive   Clarksburg WV 26301,#N/A,#N/A,54033030500,,4.1,
541A0,10000 Brecksville Road   Cleveland OH 44141,41.28958271,-81.62727774,39035135105,39035135105,1.0,1.0
540GC,93 Skidmore Lane   Sutton WV 26601,38.66518365,-80.7071421,54007967900,54007968100,10.0,10.1
541BZ,2031 Belmont Avenue   Youngstown OH 44505,41.12711409,-80.66441709,39099804100,39099804100,1.0,1.0
541BY,733 Market Avenue South   Canton OH 44702,40.79327675,-81.37660819,39151701500,39151701500,1.1,1.1
540GA,206 Spruce Street   Parsons WV 26287,39.09963754,-79.68406614,54093965400,54093965400,10.1,10.1
541GC,3416 Columbus Avenue   Sandusky OH 44870,41.41926441,-82.6898302,39043041400,39043041400,4.0,4.0
541GB,205 West 20th Street   Lorain OH 44052,41.45238987,-82.16670756,39093097300,39093097300,1.1,1.1
541GE,4242 Lorain Avenue   Cleveland OH 44113,41.47950443,-81.71576051,39035103500,39035103800,1.0,1.0
541GF,7 West Jackson Street   Painesville OH 44077,41.72483049,-81.24878755,39085204500,39085204500,1.0,1.0
541GF01,54 South State St. Suite 204  Painesville OH 44077,41.72492042,-81.24039687,39085204500,39085204400,1.0,1.0
541GG,55 W. Waterloo   Akron OH 44319,41.02874624,-81.52915119,39153505900,39153505900,1.1,1.1
541GH,15655 State Route 170 Suite A  Calcutta OH 43920,40.67324424,-80.57768647,,39029951600,,6.0
541GI,1460 Tod Ave NW   Warren OH 44485,41.2466785,-80.83481111,39155921000,39155921000,1.0,1.0
541GD,1456 Park Avenue Suite N  Mansfield OH 44906,40.75947124,-82.56783216,39139001400,39139001400,1.0,1.0
541GL,8787 Brookpark Road   Parma OH 44129,41.41854838,-81.74637343,39035177103,39035137103,1.0,1.0
541GK,6751 North Chestnut Street   Ravenna OH 44266,41.17355245,-81.24505795,39133600901,39133600901,1.1,1.1
542GA,194 W Sproul Rd Suite 105 Crozer Keystone Healthplex  Springfield PA 19064,39.92223745,-75.34841424,42045407801,42045407801,1.0,1.0
541GJ,1260 Monroe Avenue #15  New Philadelphia OH 44663,40.50549367,-81.45682117,,39157021100,,4.1
542GE,11 Independence Dr   Spring City PA 19475,40.1879507,-75.56541146,42029311000,42029311000,2.0,2.0
544BZ,3510 Augusta Road   Greenville SC 29605,34.80247004,-82.37953211,45045001502,45045001502,1.0,1.0
544GB,1822 Sally Hill Farms Road   Florence SC 29501,34.21995856,-79.7981958,45041000201,45041000201,1.0,1.0
544GC,205 Piedmont Blvd   Rock Hill SC 29732,34.95433855,-81.05117952,45091060905,45091060905,1.1,1.1
544GE,1767 Villiagepark Drive   Orangeburg SC 29118,33.52384995,-80.85787924,45075011000,45075011000,4.1,4.1
544GD,1702 E. Greenville Street   Anderson SC 29621,34.53545233,-82.63115342,45007000300,45007000300,1.1,1.1
544GF,407 North Salem Ave.   Sumter SC 29150,33.92910305,-80.3506385,45085002000,45085002000,1.0,1.0
544GG,279 North Grove Medical Park Drive   Spartanburg SC 29303,34.99036,-81.94662946,,45083021600,,1.0
546GA,1492 West Flagler Street Suite 102  Miami FL 33135,25.77328853,-80.21954186,12086005303,12086005303,1.0,1.0
546BZ,9800 West Commercial Blvd.   Sunrise FL 33351,26.19365595,-80.28175556,12011060113,12011060113,1.0,1.0
546GB,1300 DOUGLAS CIRCLE   KEY WEST FL 33040,24.56927558,-81.75050049,12087971800,12087971800,4.0,4.0
546GD,7369 Sheridan Street Suite 102  Hollywood FL 33024,26.03139128,-80.2356743,12011090601,12011090601,1.0,1.0
546GE,105662 OVERSEAS HIGHWAY   KEY LARGO FL 33037,25.16365344,-80.38062703,12087970300,12087970300,4.1,4.1
546GC,950 Krome Avenue Suite 401  HOMESTEAD FL 33030,25.47947735,-80.47745703,12086011202,12086011202,1.0,1.0
546GF,3702 Washington Street Suite 201  Hollywood FL 33021,26.00300867,-80.18131028,12011091600,12011091600,1.0,1.0
548GB,4800 Linton Blvd. Suite E300  Delray Beach FL 33445,26.43926979,-80.11951787,12099006912,12099006912,1.0,1.0
546GH,2100 SW 10th Street   Deerfield FL 33442,26.3039578,-80.13291777,12011010407,12011010407,1.0,1.0
548GC,3501 SE Willoughby Blvd.   Stuart FL 34997,27.16261477,-80.24175026,,12085001000,,1.1
548GD,901 Meadows Road   Boca Raton FL 33433,26.35842074,-80.1046161,,12099007602,,1.0
548GA,727 NORTH US 1   FT PIERCE FL 34950,27.45556128,-80.32742527,,12111380100,,1.1
548GF,1201 N. Parrot Ave.   Okeechobee FL 34972,27.25614198,-80.82991932,12093910201,12093910300,4.1,4.1
548GE,372  17th Street   Vero Beach FL 32960,27.63256998,-80.38042096,12061050401,12061050401,1.1,1.1
549BY,2201 Southeast Loop 820   Fort Worth TX 76119,32.66900878,-97.29963381,48439105902,48439105902,1.0,1.0
549GA,3414 Golden Road   Tyler TX 75708,32.31328156,-95.27824718,,48423001102,,1.0
549GC,635 Stone Avenue   Paris TX 75460,33.69059271,-95.55034443,,48277000500,,4.0
549GE,806 Woodrow Wilson Ray Circle   Bridgeport TX 76426,33.22290009,-97.76188621,48497150500,48497150500,7.0,7.0
549GD,2223 Colorado Blvd.   Denton TX 76205,33.19351098,-97.10595732,48121021201,48121021201,1.1,1.1
549GF,601 Fall Creek HWY   Granbury TX 76049,32.4681538,-97.69570573,48221160204,48221160204,4.1,4.1
549GH,4006 Wellington Road   Greenville TX 75401,33.128793,-96.122983,48231960900,48231960900,4.1,4.1
549GJ,3811 US 75 North   Sherman TX 75090,33.6768753,-96.60835047,48181000902,48181000902,1.0,1.0
549A4,1201 E. 9th Street   Bonham TX 75418,33.58162203,-96.16726258,48147950402,48147950402,7.1,7.1
550GA,3035 East Mound Road   Decatur IL 62526,39.89251076,-88.91492356,,17115002200,,1.0
550BY,7717 North Orange Prairie Road   Peoria IL 61615,40.78126562,-89.67923978,17143004101,17143004101,1.0,1.0
550GD,5850 S 6th Street Frontage Road East Suite A  Springfield IL 62703,39.71268738,-89.63965094,17167003000,17167003000,1.0,1.0
550GC,3851 N. River Road   West Lafayette IN 47906,40.47216858,-86.88476914,18157010600,18157010100,2.0,1.0
550GF,501 Lakeland Blvd Suite D  Mattoon IL 61938,39.47815319,-88.37654415,,17029001100,,4.0
552GB,1303 Bellefontaine Ave.   Lima OH 45804,40.73173615,-84.081571,39003012600,39003012600,1.0,1.0
552GC,4351 South A Street   Richmond IN 47374,39.82718006,-84.8424424,18177001100,18177001100,4.0,4.0
553GA,7470 Brockway Road   Yale MI 48097,43.11501147,-82.79107986,26147655100,26147655100,2.0,2.0
552GD,512 South Burnett   Springfield OH 45505,39.91535886,-83.77029744,39023001400,39023001400,1.1,1.1
552GA,4337 N. Union Road   Middletown OH 45005,39.50695488,-84.31646923,39165030700,39165030700,2.0,2.0
553GB,44200 Woodward Avenue Suite 208  Pontiac MI 48341,42.61345958,-83.27331432,26125142700,26125142700,1.0,1.0
554A4,2600 Oakshire Lane   Pueblo CO 81001,38.28449205,-104.5649342,08101003600,08101003600,1.0,1.0
554GB,13701 East Mississippi Ave Gateway Medical Bldg Ste 200  AURORA CO 80012,39.69668844,-104.8327973,,08005080800,,1.0
554GC,155 Van Gordon Street C   Lakewood CO 80228,39.7154393,-105.1378294,08059011733,08059011733,1.0,1.0
554GD,4112 Outlook Blvd.   PUEBLO CO 81008,38.31166956,-104.6269695,08101002903,08101002903,1.0,1.0
554GF,622 Del Sol Drive   Alamosa CO 81101,37.48291504,-105.9026485,08003960200,08003960200,7.0,7.0
554GH,403 Kendal Drive   Lamar CO 81052,38.0695271,-102.6092596,08099000700,08099000700,8.0,8.0
554GE,25 North Spruce   Colorado Springs CO 80905,38.83453048,-104.8324396,08041001500,08041001500,1.0,1.0
554GI,1177 Rose Avenue   Burlington CO 80807,39.30091408,-102.2649079,08063962100,08063962100,7.0,7.0
556GA,1942 Dempster   Evanston IL 60202,42.04104009,-87.69979985,17031809700,17031809700,1.0,1.0
554GG,1100 Carson Ave. Suite 104  La Junta CO 81054,38.06027008,-103.2212057,08011966700,08011966700,7.0,7.0
556GD,800  55th Street   Kenosha WI 53140,42.58562556,-87.82166246,55059001000,55059001000,1.1,1.1
557GA,5398 Thomaston Road Suite B  Macon GA 31220,32.83388109,-83.73847065,13021013606,13021013605,1.0,1.0
557GB,526 West Broad Avenue   Albany GA 31701,31.57680876,-84.16125993,13095011400,13095011400,1.0,1.0
557GE,1111 Glynco Parkway Suite 200  Brunswick GA 31525,31.24026447,-81.49842136,13127000404,13127000404,1.0,1.0
558GA,800 Moye Blvd.   Greenville NC 27834,35.607884,-77.401357,37147000601,37147000601,1.0,1.0
558GB,3305 Sungate Blvd.   Raleigh NC 27610,35.77649875,-78.58281934,37183052001,37183052001,1.0,1.0
556GC,620 South IL Rte 31 Suite 4  McHenry IL 60050,42.32072398,-88.2743091,,17111870809,,2.0
561A4,151 Knollcroft Road   Lyons NJ 07939,40.66582704,-74.55439929,34035054100,34035054100,1.0,1.0
561GA,3635 Quakerbridge Road   Hamilton NJ 08619,40.25857368,-74.67812594,34021002904,34021002904,1.1,1.1
561GB,654 East Jersey St. 2nd Floor  Elizabeth NJ 07206,40.65888052,-74.19806065,34039031200,34039031200,1.0,1.0
561GD,385 Prospect Avenue   Hackensack NJ 07601,40.89565557,-74.05204395,34003023302,34003023302,1.0,1.0
561BZ,970 Rt 70   Brick NJ 08724,40.07028962,-74.12993839,34029713401,34029713401,1.0,1.0
561GE,115 Christopher Columbus Drive Suite 200  Jersey City NJ 07302,40.71969406,-74.04378667,34017006400,34017006400,1.0,1.0
561BY,45 Academy Street Suite 303  NEWARK NJ 07102,40.73774436,-74.17324747,34013008100,34013008100,1.0,1.0
561GF,14 Wills Way Building 4  Piscataway NJ 08854,40.541364,-74.451566,34023000603,34023000603,1.0,1.0
561GG,45 Academy Street Suite 303  Newark NJ 07102,40.73774436,-74.17324747,34013008100,34013008100,1.0,1.0
561GH,340 W. Hanover Avenue   Morristown NJ 07960,40.82908967,-74.5020051,34027043401,34027043401,1.0,1.0
561GI,55 Gilbert Street First Floor Suite 4101  Tinton Falls NJ 07701,40.32665384,-74.07591662,,34025804500,,1.0
558GC,5240 Highway 70 West   Morehead City NC 28557,34.73748917,-76.80451489,,37031970501,,4.0
561GJ,275 Getty Avenue   Paterson NJ 07503,40.89758663,-74.15908189,34031183000,34031183000,1.0,1.0
562GA,16954 Conneaut Lake Road   Meadville PA 16335,41.6233918,-80.16113038,42039111800,42039111800,4.0,4.0
562GB,1230 Lake Avenue   Ashtabula OH 44004,41.88840263,-80.80478643,39007000601,39007000601,4.1,4.1
562GD,464 Allegheny Blvd.   Franklin PA 16323,41.4008967,-79.81230485,42121200600,42121200600,4.0,4.0
562GC,23 Kenedy Street   Bradford PA 16701,41.9564957,-78.64749906,42083420200,42083420200,4.0,4.0
562GE,3 Farm Colony Drive   Warren PA 16365,41.90564817,-79.15205421,42123970600,42123970600,5.0,5.0
565GC,736 Medical Center Drive Suite 102  Wilmington NC 28401,34.19612914,-77.93339192,37129010700,37129010700,1.0,1.0
565GE,139 Three Hunts Drive   Pembroke NC 28372,34.62703929,-79.08073797,37155960503,37155960600,5.1,4.1
565GD,100 Jefferson Street   Hamlet NC 28345,34.88570434,-79.70210296,37153970900,37153970900,4.0,4.0
564GE,1569 North Main Street   Jay OK 74346,36.43589293,-94.78239918,40041376000,40041376000,10.2,10.2
565GA,241 Freedom Way Suite 1  Midway Park NC 28544,34.7165236,-77.32277206,37133002400,37133002400,1.0,1.0
564GC,5571 Gretna Road   Branson MO 65616,36.6647784,-93.25262469,,29213480201,,4.1
564BY,600 N. Main Street   Mt. Vernon MO 65712,37.10999275,-93.81862569,29109470200,29109470200,7.1,7.1
564GA,707 N. Main Street   Harrison AR 72601,36.23741028,-93.10707695,,05009790502,,4.0
564GD,2713 W. Commercial   Ozark AR 72949,35.48992179,-93.85493096,05047950200,05047950200,7.1,7.1
564GB,1500 Dodson Avenue   Ft. Smith AR 72917,35.372353,-94.417705,,05131001001,,1.0
568GB01,602 1st Street NE   Wessington Springs SD 57382,44.08046194,-98.56367134,46073974100,46073974100,10.2,10.2
568GB,1601 N. Harrison Suite 6  Pierre SD 57501,44.37759722,-100.3180961,46065977700,46065977700,4.0,4.0
568GA,3625  5th Street   Rapid City SD 57701,44.05063913,-103.2244318,46103010905,46103010905,1.0,1.0
568A4,500 North Fifth Street   Hot Springs SD 57747,43.43667899,-103.4742277,46047964200,46047964200,7.0,7.0
568HH,1720 East Portal Place   Scottsbluff NE 69361,41.86576324,-103.640692,31157953700,31157953700,4.0,4.0
568HF,Hospital Road-Pine Ridge Indian Reservation   Pine Ridge SD 57770,43.03350124,-102.558817,,46113940500,,7.0
568HB,300 E. 8th Street   Gordon NE 69343,42.81192326,-102.2003505,31161951600,31161951600,10.0,10.0
568HA,1124 Washington Blvd.   Newcastle WY 82701,43.84875373,-104.1897414,,56045951300,,7.0
568HK,P.O. Box 519   McLaughlin SD 57642,45.47266511,-101.2928995,,46041941700,,10.0
568HJ,153 S. Main Street   Mission SD 57555,43.30524099,-100.6584092,,46121940200,,10.0
568HM,8000 Highway 212   Eagle Butte SD 57625,45.05954914,-100.8554735,,46041941700,,10.0
568HM01,118 North Main Street   Isabel SD 57633,45.39232425,-101.4299608,46041941700,46041941700,10.0,10.0
568HM02,112 N. 2nd Ave. W.   Faith SD 57626,45.02304305,-102.0354186,,46093020500,,7.1
568HP,1436 E. 10th Street   Winner SD 57580,43.36903153,-99.84026728,46123971700,46123971700,7.0,7.0
573A4,619 S. Marion Ave.   Lake City FL 32025,30.18183536,-82.63686457,12023110700,12023110700,4.1,4.1
573BY,1833 Boulevard Street   Jacksonville FL 32206,30.34668012,-81.66119864,,12031001200,,1.0
573BU,1604 SE 3rd Avenue   Gainesville FL 32641,29.64915696,-82.30396208,12001000700,12001000700,1.0,1.0
570GA,340 E Yosemite Ave. Suite D  Merced CA 95340,37.33205254,-120.4647408,06047001101,06047001101,1.0,1.0
570GC,40597 Westlake Drive   Oakhurst CA 93644,37.33846022,-119.6692388,06039000103,06039000103,10.3,10.3
570GB,1050 N. Cherry   Tulare CA 93274,36.22337186,-119.3374587,06107002303,06107002303,1.0,1.0
573GA,2841 N Patterson Street   Valdosta GA 31602,30.868452,-83.289918,13185010401,13185010401,1.0,1.0
573GD,1515 East Silver Springs Blvd. Suite 226  Ocala FL 34470,29.18696839,-82.11767652,12083002001,12083002001,1.0,1.0
573GD01,3307 SW 26th Avenue   Ocala FL 34474,29.16292259,-82.17782683,12083001600,12083001600,1.0,1.0
573GE,1955  Highway US1 South Suite 200  St. Augustine FL 32086,29.865304,-81.32332,,12109021301,,1.1
573GG,2804 W Marc Knighton Court Suite A  Lecanto FL 34461,28.90564247,-82.48040007,12017450304,12017450304,1.0,1.0
573GI,8900 SE 165th Mulberry Lane   The Villages FL 32162,28.92594655,-82.00061484,12083000801,12119911200,1.1,1.1
573GF,1607 St. James Court   Tallahassee FL 32308,30.45645705,-84.24102739,12073000901,12073000901,1.0,1.0
573GJ,205 Lakeshore Point   St. Marys GA 31558,30.77984621,-81.61595162,13039010401,13039010401,2.0,2.0
573GL,400 North State Road 19   Palatka FL 32177,29.6524215,-81.67202648,12107950600,12107950700,4.1,4.1
573GK,4970 Highway 90   Marianna FL 32446,30.7471662,-85.1817656,,12063211000,,8.0
575GA,4 Hillcrest Plaza Way   Montrose CO 81401,38.48874607,-107.8585393,08085966300,08085966300,4.0,4.0
578GA,2000 Glenwood Avenue   Joliet IL 60435,41.52968398,-88.12983695,17197882802,17197882802,1.0,1.0
578GD,161 South Lincolnway   North Aurora IL 60542,41.79986092,-88.32519287,17089853004,17089853004,1.0,1.0
578GC,581 William Latham Drive   Bourbonnais IL 60914,41.1626797,-87.87984081,17091012000,17091012000,1.1,1.1
580BU,7329 Fannin Street   Houston TX 77030,29.69655123,-95.40098665,48201314001,48201314001,1.0,1.0
578GF,4461 N Progress Villiage   Peru IL 61354,41.35874347,-89.12204614,,17099963000,,4.0
578GG,10201 S. Cicero Avenue   Oak Lawn IL 60453,41.70761746,-87.74034576,17031822702,17031822702,1.0,1.0
578GE,450 Dundee Ave Suite 100  Elgin IL 60120,42.04560044,-88.27685013,17089851302,17089851302,1.0,1.0
580BY,3420 Veterans Circle   Beaumont TX 77707,30.07771988,-94.13909395,48245001301,48245001301,1.1,1.1
580BZ,2206 N John Redditt Dr.   Lufkin TX 75904,31.35585409,-94.7644881,48005000400,48005000400,4.0,4.0
580GC01,9300 Emmet F. Lowery Expressway Suite 206  Texas City TX 77597,29.40044208,-95.01445159,,48167721900,,2.0
580GC,3828 Avenue N   Galveston TX 77550,29.29109688,-94.80805484,48167725000,48167725100,4.1,4.1
580GD,800 Riverwood Court Suite 100  Conroe TX 77304,30.2846143,-95.46610009,48339693300,48339693300,1.1,1.1
580GF,208 S. Oak Drive Suite 700  Lake Jackson TX 77566,29.05208807,-95.44500846,48039663200,48039663200,1.1,1.1
580GG,22001 SW Frwy Suite 200  Richmond TX 77469,29.555734,-95.715069,48157674604,48157674604,1.0,1.0
583GA,110 W. Honey Creek Parkway   Terre Haute IN 47804,39.42485599,-87.41774444,,18167011200,,1.0
581GA,5230 Kentucky Route 321 Suite 8  Prestonsburg KY 41653,37.686924,-82.776114,21071920100,21071920100,7.0,7.0
581GB,104 Alex Lane   Charleston WV 25304,38.30595897,-81.56336843,54039001700,54039001700,1.0,1.0
583GB,455 S. Landmark Ave.   Bloomington IN 47403,39.16241597,-86.5558933,18105000401,18105000401,1.0,1.0
583GA01,142 W. Honey Creek Parkway   Terra Haute IN 47804,39.42487735,-87.42178792,,18167011200,,1.0
583GC,2200 John R. Wooden Drive   Martinsville IN 46151,39.42491177,-86.40607008,18109510800,18109510800,2.0,2.0
583GB01,1332 Arch Haven   Bloomington IN 47403,39.160842,-86.552947,,18105000401,,1.0
585GA,787 Market Street Suite 9  Hancock MI 49930,47.13127294,-88.59187884,26061000500,26061000500,4.0,4.0
585HB,509 Osborn Blvd Suite 306  Sault Ste Marie MI 49783,46.49805339,-84.34935095,26033970300,26033970300,4.0,4.0
585GB,639 West Kemp Street   Rhinelander WI 54501,45.63209692,-89.43082836,55085970400,55085970400,8.0,8.0
585HA,1414 W Fair Ave Suite 285  Marquette MI 49855,46.55677983,-87.41712943,26103000700,26103000700,4.0,4.0
585GC,1110  10th Avenue   Menominee MI 49858,45.10789378,-87.61658896,,26109960600,,4.0
585GD,629 W. Cloverland Drive Suite 1  Ironwood MI 49938,46.46328502,-90.18292722,26053950600,26053950600,7.0,7.0
586GB,2103 13th Street   Meridian MS 39301,32.36983992,-88.69958962,28075010700,28075010700,4.0,4.0
586GA,332 Highway 12 West   Kosciusko MS 39090,33.06467972,-89.59961948,,28007060600,,7.0
586GD,231 Methodist Blvd.   Hattiesburg MS 39402,31.3275154,-89.36838016,,28073020302,,1.0
586GC,1502 S. Colorado St.   Greenville MS 38703,33.38031815,-91.02995882,28151000701,28151000701,4.0,4.0
586GF,824 Alabama Street   Columbus MS 39702,33.49329099,-88.36536558,28087000600,28087000500,4.0,4.0
589A4,800 Hospital Drive   Columbia MO 65201,38.93753345,-92.32846193,29019002200,29019002200,1.0,1.0
589G1,1300 Veterans Road   Warrensburg MO 64093,38.78092918,-93.70520569,29101960300,29101960300,4.0,4.0
589A7,5500 East Kellogg   Wichita KS 67218,37.67976993,-97.27398665,,20173002100,,1.0
589A5,2200 Gage Blvd.   Topeka KS 66622,39.0273735,-95.72485256,,20177001601,,1.0
586GG,1308 Harrison Avenue   McComb MS 39648,31.24932031,-90.46796601,28113950400,28113950400,4.0,4.0
589A6,4101 S 4th St. Trafficway   Leavenworth KS 66048,39.27642,-94.899555,20103071102,20103071102,4.1,4.1
589G2,301Miles Walk   Dodge City KS 67843,37.73265906,-99.93528738,,20057962102,,4.0
589G3,2 Rock Island Road Suite 200  Liberal KS 67901,37.03875997,-100.922254,20175966000,20175966000,4.0,4.0
586GE,105 Northgate Drive Suite 2  Natchez MS 39120,31.52554425,-91.39110512,28001000500,28001000900,4.0,4.0
589G4,207B E. 7th Street   Hays KS 67601,38.86913722,-99.33022474,20051072900,20051072900,4.0,4.0
589G8,2707 W. Edgewood Dr.   Jefferson City MO 65109,38.57197832,-92.22458124,29051010701,29051010701,1.0,1.0
589GB,17140 Bel-Ray Place   Belton MO 64012,38.81259663,-94.49963403,29037060301,29037060301,1.0,1.0
589GC,510 Hospital Dr.   Paola KS 66071,38.57762848,-94.86354956,20121100601,20121100601,2.0,2.0
589G5,1907 Harding Drive   Parsons KS 67357,37.3659197,-95.26357262,20099950100,20099950100,4.0,4.0
589G9,600 Caisson Hill Road   Fort Riley KS 66442,39.07828013,-96.77622956,20161001002,20061000600,4.0,4.0
589GD,322 South Prewitt   Nevada MO 64772,37.83657996,-94.37601206,29217950500,29217950300,8.0,7.0
589G7,1625 E. 30th Street   Hutchinson KS 67502,38.08653328,-97.8948516,20155000100,20155000100,4.0,4.0
589GE,1510 N Crown Drive   Kirksville MO 63501,40.20672567,-92.57384155,29001950400,29001950400,4.0,4.0
589GF,700 GW Lane   Waynesville MO 65583,37.80811218,-92.21770143,,29169470400,,4.0
589GH,940 Executive Drive   Osage Beach MO 65065,38.09473721,-92.68471303,29029950200,29029950200,7.0,7.0
589GI,1314 North 36th Street Professional Plaza II  St. Joseph MO 64506,39.77966888,-94.80613009,,29021000600,,1.0
589GN,919 West 12th Avenue Suite D  Emporia KS 66801,38.41222864,-96.19191697,20111000300,20111000300,4.0,4.0
589GP,421 S. Maple   Garnett KS 66032,38.28031488,-95.24939377,20003953600,20003953600,7.2,7.2
589GM,629 South Plummer Suite D  Chanute KS 66720,37.67538124,-95.47089994,20133951800,20133951800,7.0,7.0
589GJ,21 North 12th Street Suite 110  Kansas City KS 66102,39.10342662,-94.63996309,20209042100,20209042100,1.0,1.0
589GR,715 Southwind Dr.   Junction City KS 66441,39.01691141,-96.86344822,20061000800,20061000800,4.0,4.0
589GT,1600 Community Dr.   Seneca KS 66538,39.83786606,-96.07792202,20131480200,20131480200,10.0,10.0
589GU,2200 Harvard Road Suite C-103  Lawrence KS 66049,38.96428957,-95.26175361,20045000702,20045000702,1.1,1.1
589GV,902 South Horton   Ft. Scott KS 66701,37.83040392,-94.71370204,20011955800,20011955800,7.0,7.0
589GX,One Veterans Drive   Mexico MO 65265,39.18441826,-91.87449461,,29007950400,,4.1
589GY,620 N. Jefferson   St. James MO 65559,38.00244176,-91.61742335,,29161890200,,7.2
589GW,1410 E. Irons Street Suite 1  Salina KS 67401,38.840278,-97.58962,,20169000100,,4.0
590GB,244 Clearfield Blvd. Suite 401  Virginia Beach VA 23462,36.84567573,-76.16530682,51810040600,51810040600,1.0,1.0
590GC,1845 West City Drive   Elizabeth City NC 27909,36.29856219,-76.2612095,37139960600,37139960600,4.1,4.1
589JB,197 S McCleary Road   Excelsior Springs MO 64024,39.34205175,-94.26299957,29047021701,29047021701,2.0,2.0
589JA,3320 West 10th Street   Sedalia MO 65301,38.70409094,-93.27163887,29159480700,29159480700,4.0,4.0
589GZ,1111 Euclid   Cameron MO 64429,39.73542188,-94.25174286,29049960100,29049960100,7.1,7.1
589HK,4801 E Linwood Blvd   Kansas City MO 64128,#N/A,#N/A,29095005801,,1.0,
593GB,2920 North Green Valley Parkway Suite 215  Henderson NV 89014,36.07464877,-115.0821878,32003002821,32003002821,1.0,1.0
593GC,2100 E. Calvada Blvd.   Pahrump NV 89048,36.19354676,-115.9755524,32023960404,32023960404,4.1,4.1
593GD,3968 N Rancho Drive   Las Vegas NV 89130,36.23054217,-115.2240877,32003003414,32003003414,1.0,1.0
593GG,4461 E Charleston Blvd.   Las Vegas NV 89104,36.15883166,-115.077149,32003001610,32003001610,1.0,1.0
593GE,1020 S. Boulder Highway   Henderson NV 89015,36.01930097,-114.9589113,32003005432,32003005432,1.0,1.0
593GF,7235 S. Buffalo Drive   Las Vegas NV 89113,36.05563709,-115.2612196,32003002976,32003002976,1.0,1.0
595GA,25 N 32nd Street   Camp Hill PA 17011,40.24067035,-76.9348387,42041010400,42041010400,1.0,1.0
595GC,1861 Charter Lane Suite 121  Lancaster PA 17604,40.05221742,-76.25052658,,42071013203,,1.0
595GD,145 N. 6th Street 4th Floor  Reading PA 19601,40.33758716,-75.92573504,42011000100,42011000100,1.0,1.0
595GE,2251 Eastern Blvd.   York PA 17402,39.97201588,-76.68271377,42133010210,42133010210,1.0,1.0
595GF,700 Schulykill Manor Road 2nd Floor Suite 6  Pottsville PA 17901,40.69205812,-76.18712316,,42107002000,,4.0
595GF01,10 East Spruce Street   Frackville PA 17931,40.77835477,-76.22699455,42107000800,42107000800,4.0,4.0
596GA,163 Tower Circle   Somerset KY 42503,37.08423888,-84.63081394,,21199930502,,4.0
596A4,1101 Veterans Drive   Lexington KY 40502,38.02650083,-84.50713275,21067002400,21067002400,1.0,1.0
596GB,333 Beacon Hill Drive Rd 100  Morehead KY 40351,38.18723037,-83.47832377,,21205950200,,7.0
596GC,210 Black Gold Boulevard #107  Hazard KY 41701,37.25451348,-83.19986801,21193970500,21193970500,7.0,7.0
596GD,209 Pauline Drive   Berea KY 40403,37.59945277,-84.32166459,21151011400,21151011400,4.0,4.0
598A0,2200 Fort Roots Drive   North Little Rock AR 72114,34.77328557,-92.28943453,05119003001,05119003001,1.0,1.0
598GC,177 Sawtooth Oak Street   Hot Springs AR 71901,34.466927,-93.14173034,,05051011200,,1.0
598GB,460 W. Oak Street   Eldorado AR 71730,33.213632,-92.6693807,05139950800,05139950800,4.0,4.0
598GA,405 Buttercup Drive   Mountain Home AR 72653,36.34225216,-92.39105544,05005950400,05005950400,4.0,4.0
598GH,3106 West 2nd Court   Russellville AR 72801,35.28480968,-93.16513793,05115951502,05115951502,4.0,4.0
598GE,4747 Dusty Lake Drive   Pine Bluff AR 71603,34.19059112,-92.05365651,05069002104,05069002104,2.0,2.0
598GF,1120 South Main   Searcy AR 72143,35.23859799,-91.73509705,05145071100,05145070800,4.0,4.0
600GB,1506 Brookhollow Drive Suite 100  Santa Ana CA 92705,33.71475861,-117.8497535,06059074003,06059074003,1.0,1.0
598GG,1520 East Dave Ward Drive   Conway AR 72032,35.06675358,-92.41126681,,05045030404,,1.1
600GA,1801 W. Romneya Drive 3rd Floor Suite 304  Anaheim CA 92801,33.8506276,-117.9460636,,06059086701,,1.0
598GD,1706 Highway 71 North   Mena AR 71953,34.58638195,-94.212791,05113950200,05113950200,7.0,7.0
600GD,10210 Orr & Day Road   Santa Fe Springs CA 90670,33.944157,-118.090362,,06037502801,,1.0
600GE,25292 McIntyre Street   Laguna Hills CA 92653,33.59459527,-117.678935,06059042327,06059042327,1.1,1.1
600GC,2001 River Avenue Building 28  Long Beach CA 90810,33.79166767,-118.2223334,06037572800,06037572800,1.0,1.0
603GB,811 Northgate Blvd.   New Albany IN 47150,38.33264334,-85.8169275,18043070901,18043070901,1.0,1.0
603GA,289 Ireland Ave. Ireland Army Community Hospital  Fort Knox KY 40121,37.900707,-85.94275762,,21093000201,,1.0
603GF,619 West Main Street   Clarkson KY 42726,37.49554663,-86.23393011,21085950300,21085950300,7.0,7.0
603GC,3934 N Dixie Highway Suite 210  Louisville KY 40216,38.19374146,-85.80700125,21111012601,21111012601,1.0,1.0
603GB01,821 Mt Tabor Road   New Albany IN 47150,38.33162552,-85.81636319,18043070901,18043070901,1.0,1.0
603GD,4010 Dupont Circle Suite 100  Louisville KY 40207,38.23333861,-85.6307791,21111010601,21111010601,1.0,1.0
603GE,3430 Newburg Road Suite 200 214  Louisville KY 40218,38.19553111,-85.67938746,21111011301,21111011301,1.0,1.0
605GA,12138 Industrial Blvd. Suite 120  Victorville CA 92395,34.4714206,-117.2828856,06071010026,06071010026,1.1,1.1
603GG,1467 N Scott Valley Drive   Scottsburg IN 47170,38.70842346,-85.78519269,,18143967000,,4.1
603GH,1911 Highway 227   Carrollton KY 41008,38.66364163,-85.1409523,21041950200,21041950200,7.0,7.0
605GC,41-990 Cook Street Bldg F Suite 1004  Palm Desert CA 92211,33.74349326,-116.3561253,,06065044928,,1.0
605GB,28078 Baxter Road Suite 540  Murrieta CA 92563,33.61225351,-117.1624491,06065050700,06065050700,1.1,1.1
605GE,8599 Haven Avenue Suite 102  Rancho Cucamonga CA 91730,34.09727566,-117.5757318,06071002110,06071002110,1.0,1.0
607GD,626 14th Street   Baraboo WI 53913,43.48050868,-89.73354439,55111000401,55111000401,4.0,4.0
607GC,2419 Morse St.   Janesville WI 53545,42.72226878,-88.99350519,55105000700,55105000700,1.0,1.0
605GD,800 Magnolia Street Suite 101  Corona CA 92879,33.85980069,-117.5527721,06065041809,06065041809,1.1,1.1
607HA,4940 East State Street   Rockford IL 61108,42.26400176,-89.02098098,17201000507,17201000507,1.0,1.0
607GF,1301 S. Kiwanis Drive   Freeport IL 61032,42.28537791,-89.6699491,17177001000,17177001000,4.0,4.0
608GA,302 Newmarket Street   Portsmouth NH 03803,43.08962706,-70.81802766,,33015107500,,1.1
608GD,71 Hobbs Street   Conway NH 03818,43.97475347,-71.12962005,33003955400,33003955400,7.0,7.0
607GE,215 Corporate Drive Plaza II  Beaver Dam WI 53916,43.47996088,-88.81163851,55027960400,55027960400,5.0,5.0
608GC,200 Route 108 N. Suite #2  Somersworth NH 03878,43.24371192,-70.89886583,33017083002,33017083002,1.1,1.1
610GA,333 W. Western Ave.   South Bend IN 46601,41.61368287,-86.21555586,18141001700,18141011802,1.0,1.0
610A4,2121 Lake Avenue   Fort Wayne IN 46805,41.08975625,-85.10863273,18003003500,18003000400,1.0,1.0
610GB,2600 W White River Blvd.   Muncie IN 47303,40.18671051,-85.41493097,18035000800,18035000800,1.0,1.0
608HA,630 West Main Street Suite 400  Tilton NH 03276,43.447257,-71.6199804,33001965598,33001965598,4.0,4.0
612A4,10535 Hospital Way   Mather CA 95655,38.57365876,-121.2957594,06067008801,06067008801,1.0,1.0
610GD,750 North Broadway   Peru IN 46970,40.7666239,-86.07750581,18103952200,18103952200,4.1,4.1
610GC,2014 Lincolnway East   Goshen IN 46526,41.55983187,-85.79468953,18039000302,18039000302,1.1,1.1
612BY,2221 Martin Luther King Jr. Way   Oakland CA 94612,37.81214409,-122.2729853,06001402700,06001402700,1.0,1.0
612B4,351 Hartnell Ave.   Redding CA 96002,40.56450722,-122.3676343,06089010900,06089010900,1.0,1.0
612BY01,525 21st Street   Oakland CA 94612,37.81033222,-122.2699722,06001402800,06001402800,1.0,1.0
612GD,103 Bodin Circle Building 778  Travis AFB CA 94535,38.26757451,-121.9655222,06095252802,06095252802,1.1,1.1
612GF,150 Muir Road   Martinez CA 94553,37.99474385,-122.1122439,06013321101,06013321101,1.1,1.1
612GG,280 Cohasset Road   Chico CA 95926,39.75173594,-121.8518732,06007000300,06007000300,1.0,1.0
612GE,201 Walnut Avenue   Mare Island CA 94592,38.10394389,-122.2772793,06095250801,06095250801,1.1,1.1
612GH,5342 Dudley Blvd.   McClellan Park CA 95652,38.66414817,-121.3870917,06067007301,06067007301,1.0,1.0
612GI,425 Plumas Blvd   Yuba City CA 95991,39.13090217,-121.6138506,06101050202,06101050202,1.1,1.1
613GA,200 Glen Street   Cumberland MD 21502,39.65361091,-78.75859183,24001000400,24001000400,1.0,1.0
613GB,1101 Opal Court   Hagerstown MD 21742,39.63622941,-77.69655308,,24043000601,,1.0
613GD,314 Pine Street   Franklin WV 26807,38.64350369,-79.33088885,,54071970500,,2.0
613GC,170 Prosperity Drive   Kernstown VA 22602,39.1191798,-78.20058049,51069050900,51069050900,1.1,1.1
613GE,Rt 55 West Grant Memorial Drive  Petersburg WV 26847,39.00282907,-79.13806499,,54023969600,,7.0
613GG,1433 Porter Street   Federick MD 21702,39.43775113,-77.42239864,24021751201,24021751201,1.1,1.1
613GF,847 Cantrell Ave. Suite 100  Harrisonburg VA 22801,38.44129784,-78.85669887,51660000204,51660000204,1.0,1.0
614GA01, Inc." 10103 HWY 178 W   Tremont MS,38876,34.23609302,,,,
614GA03,499 Gloster Creek Villiage Suite D-1  Tupelo MS 38801,34.25030159,-88.71655773,28081950602,28081950602,4.0,4.0
614GA02, Inc." 106 Walker St   Houlka MS,38850,34.03739185,,,,
614GA,63420 Hwy 25 North   Smithville MS 38870,34.0625903,-88.41015382,,28095950100,,8.0
614GC01,154 Mt Pleasant Road   Mt. Pleasant MS 38635,34.95638622,-89.52968914,28093950100,28093950100,2.0,2.0
614GC,12 East Brunswick   Byhalia MS 38611,34.87085931,-89.68770917,,28093950200,,2.0
614GB,1901 Wood Springs Road   Jonesboro AR 72401,35.81868695,-90.73142205,05031000300,05031000300,1.0,1.0
614GD,765 Florence Road   Savannah TN 38372,35.21221573,-88.23937798,,47071920400,,7.0
614GE,3461 Austin Peay Highway   Memphis TN 38128,35.21974643,-89.9107124,47157020541,47157020541,1.0,1.0
614GF,1056 E. Raines Road   Memphis TN 38116,35.03540473,-90.02862616,47157022500,47157022500,1.0,1.0
614GG,180 Old Hickory Blvd. Suite A  Jackson TN 38305,35.65323767,-88.83501852,47113000200,47113000200,1.0,1.0
614GH,107 Tennessee Street   Bolivar TN 38008,35.25599913,-89.00035696,47069950400,47069950400,7.1,7.1
614GI,433 East Parkview Street   Dyersburg TN 38024,36.0463673,-89.37950405,47045964300,47045964300,4.0,4.0
614GN,812A Newman Drive   Helena AR 72342,34.51090948,-90.62444946,05107480400,05107480400,4.0,4.0
618GA01,1212 Heckman Court   St James MN 56081,43.97067492,-94.61809984,27165950200,27165950200,7.0,7.0
618GA,1961 Premier Drive   St. James MN 56001,44.17981891,-93.94563665,27013170200,27013170200,1.0,1.0
618BY,3520 Tower Ave.   Superior WI 54880,46.69748073,-92.1039812,55031020800,55031020800,1.0,1.0
618GB01,10 SE 5th Street   Cook MN 55723,47.85342949,-92.67991041,,27137015200,,5.0
618GB,990 West 41st Street Suite 78  Hibbing MN 55746,47.39981281,-92.95184284,27137012100,27137012100,5.0,5.0
618GD,2785 White Bear Ave. Suite 210  Maplewood MN 55109,45.02520045,-93.01825563,,27123042401,,1.0
618GE,2503 County Road I   Chippewa Falls WI 54729,44.95156066,-91.36221713,,55017010500,,1.0
618GI,7545 Veterans Drive   Ransey MN 55303,45.23415592,-93.46720147,,27003050228,,1.0
618GH,2700A College Drive   Rice Lake WI 54868,45.47481449,-91.74426234,55005000500,55005000500,7.0,7.0
618GG,3900 55th Street NW   Rochester MN 55901,44.07948938,-92.52133952,27109001402,27109001402,1.0,1.0
619GB,2020 Alexander Drive   Dothan AL 36301,31.21235851,-85.36286207,01069041000,01069041000,1.0,1.0
619A4,2400 Hospital Road   Tuskegee AL 36083,32.43707883,-85.70838101,01087232000,01087232000,7.1,7.1
619GA,1310  13th Street   Columbus GA 31906,32.470302,-84.974,,13215001200,,1.0
620A4,Route 9-D VAMC Castle Point NY Division  Castle Point NY 12511,41.54044993,-73.96043894,,36027060100,,1.1
619GD,301 Andrews Ave.   Ft. Rucker AL 36362,31.32520988,-85.7277134,01045020000,01045020000,4.1,4.1
620GA,345 North Main Street   New City NY 10956,41.16753861,-73.9880392,36087010801,36087010801,1.0,1.0
620GB,1875 Route 6   Carmel NY 10512,41.4146723,-73.66987705,36079011500,36079011500,1.0,1.0
620GD,110 Crystal Run Road   Middletown NY 10940,41.44954801,-74.35838001,,36071011000,,3.0
620GF,55 Sturgis Road   Monticello NY 12701,41.66021257,-74.6953203,36105951800,36105951800,7.1,7.1
620GG,488 Freedom Plains Road Suite 120  Poughkeepsie NY 12603,41.68013418,-73.85430102,36027080201,36027080103,1.1,1.1
620GH,2881 Church Street Route 199  Pine Plains NY 12567,41.9806876,-73.66082088,36027120000,36027120000,10.1,10.1
620GE,150 Pike Street   Port Jervis NY 12771,41.37661754,-74.69092369,36071002200,36071002200,4.1,4.1
621BY,8033 Ray Mears Blvd.   Knoxville TN 37919,35.92323213,-84.04730683,47093004403,47093004403,1.0,1.0
621GA,401 Scenic Drive Suite 201  Rogersville TN 37857,36.40066916,-83.01458023,47073050301,47073050301,7.1,7.1
621GG,925 East Morris Boulevard   Morristown TN 37813,36.2158985,-83.28221761,47063100200,47063100200,1.0,1.0
621GC,654 Hwy 58 East   Norton VA 24273,36.93927393,-82.60678741,,51720960100,,4.1
621GI,1124 Blanton Drive Suite 100  Sevierville TN 37862,#N/A,#N/A,47155080801,,4.0,
621GJ,2426 Lee Highway Suite 200  Bristol VA 24202,36.62921242,-82.14894876,51520020400,51520020400,1.0,1.0
623BY,9322 E 41st Street   Tulsa OK 74145,36.10438127,-95.87086112,40143006906,40143006906,1.0,1.0
623GA,1429 E. Pennsylvania Ave.   Hartshorne OK 74547,34.84254383,-95.54792687,40121486700,40121486700,5.0,5.0
626A4,3400 Lebanon Pike   Murfreesboro TN 37129,35.91067759,-86.38378144,47149041000,47149041101,1.1,1.1
623GB,269 S. 7th Street   Vinita OK 74301,36.63191357,-95.14360321,40035373400,40035373400,7.0,7.0
623BY01,10159 E 11th Street   Tulsa OK 74128,36.14807163,-95.86300435,40143008900,40143008900,1.0,1.0
626GA,1021 Spring Street   Dover TN 37058,36.48347229,-87.82451926,47161110700,47161110700,2.0,2.0
626GC,1110 Wilkinson Trace Circle Hartland Medical Plaza  Bowling Green KY 42103,36.96993683,-86.43203697,,21227011401,,1.0
626GE,1832 Memorial Street Suite 110  Clarksville TN 37043,36.52028303,-87.30485807,47125100602,47125100601,1.0,1.0
626GF,150 Debra Road 6200 Building Suite 5200  Chattanooga TN 37411,35.00962832,-85.21141457,,47065003000,,1.0
626GH,851 S Willow Ave. Suite 108  Cookeville TN 38501,36.14395273,-85.52406555,47141000600,47141000600,4.0,4.0
626GG,225 1st Street   Arnold AFB TN 37389,35.3782982,-86.23965044,,47031971000,,4.0
626GJ,1102 S. Virginia Drive   Hopkinsville KY 42240,36.86406743,-87.48851408,21047200100,21047200100,4.1,4.1
626GM,833 Nashville Highway   Columbia TN 38401,#N/A,#N/A,47119010400,,4.1,
626GK,1014 S. Chancery Street   McMinnville TN 37110,35.66266256,-85.78583121,47177930700,47177930700,4.0,4.0
626GL,450 South Chamberlain Ave   Rockwood TN 37854,35.85981252,-84.6967654,47145030500,47145030500,2.0,2.0
629BY,7968 Essen Park Lane   Baton Rouge LA 70809,30.40373311,-91.09971824,22033003804,22033003804,1.0,1.0
629GA,1750 Martin Luther King Jr. Blvd. Suite 107  Houma LA 70360,29.61414806,-90.7561177,22109000300,22109000300,1.0,1.0
629GB,1131 South Morrison Blvd   Hammond LA 70403,30.4889337,-90.48266092,22105954300,22105954300,1.1,1.1
629GC,60491 Doss Drive Suite B  Slidell LA 70460,30.30957443,-89.7759958,,22103041103,,1.1
629GD,4004 West Airline Highway   Reserve LA 70084,30.07692438,-90.57275021,22095070700,22095070700,1.0,1.0
629GE,603 Haifleigh Street   Franklin LA 70538,29.80477852,-91.49801758,22101041400,22101041400,4.1,4.1
629GF,319 Memphis Street   Bogalusa LA 70427,30.78782995,-89.86040762,22117950900,22117950900,4.1,4.1
630A5,17901 Linden Blvd   Jamaica NY 11434,40.69226822,-73.7660369,,36081042400,,1.0
630GA,55 West 125th Street   New York NY 10027,40.80725222,-73.94420624,36061020000,36061020000,1.0,1.0
630A4,800 POLY PL   Brooklyn NY 11209,40.60768725,-74.02146534,36047015400,36047015400,99.0,99.0
630GB,21 Water Street   Staten Island NY 10304,40.62735444,-74.07484291,36085002100,36085002100,1.0,1.0
631BY,25 Bond Street   Springfield MA 01104,42.11078353,-72.59914424,25013800800,25013800800,1.1,1.1
631GC,73 Eagle Street   Pittsfield MA 01201,42.45139812,-73.25119826,25003900100,25003900100,1.0,1.0
630GC,40 Flatbush Avenue Extension   Brooklyn NY 11201,40.69765688,-73.98552128,36047001300,36047001300,1.0,1.0
631GD,143 Munson Street   Greenfield MA 01301,42.57624563,-72.62444217,25011041000,25011041000,4.1,4.1
631GE,605 Lincoln Street   Worcester MA 01605,42.29760869,-71.7674962,25027732002,25027732002,1.1,1.1
631GF,275 Nichols Road   Fitchburg MA 01420,42.5978488,-71.80439374,,25027711100,,1.1
632GA,2201 Hempstead Turnpike   East Meadow NY 11554,40.72538947,-73.55437414,36059407802,36059407802,1.0,1.0
632HB,300 Centre Drive   Riverhead NY 11901,40.91410767,-72.66891996,36103190401,36103190401,1.0,1.0
632HA,235 Merrick road   Lynbrook NY 11563,40.65799174,-73.66717009,36059412000,36059412000,1.0,1.0
632HC,39 Nassau Avenue   Islip NY 11751,40.73133145,-73.21083611,36103147401,36103147401,1.0,1.0
632HD,269 Baker Street   Patchogue NY 11772,40.76272885,-73.0091374,,36103159000,,1.0
632HF,560 N. Delaware Avenue   Lindenhurst NY 11757,40.6974233,-73.37396969,36103124001,36103124001,1.0,1.0
635GA,4303 Pitman & Thomas   Ft. Sill OK 73503,34.6543494,-98.4162893,,40031002404,,1.0
635GC,1009 W Ferguson Ave.   Blackwell OK 74631,36.79697744,-97.29725211,40071001301,40071001301,7.2,7.2
635GB,1800  7th Street   Wichita Falls TX 76301,33.90662838,-98.50614776,48485011000,48485011000,1.0,1.0
635GD,301 N Monte Vista   Ada OK 74820,34.77444716,-96.63464963,40123088800,40123088800,4.0,4.0
635GG,915 E. Garriott Suite H and G  Enid OK 73701,36.39061239,-97.86503648,,40047000600,,4.0
635GE,320 N Perkins Road   Stillwater OK 74075,36.12586623,-97.05155878,40119010500,40119010500,4.0,4.0
635GF,201 S. Park Lane   Altus OK 73521,34.63622137,-99.31649087,40065968800,40065968800,4.0,4.0
635HB,2002 12th Ave. NW Suite E  Ardmore OK 73401,34.18738599,-97.15390078,40019893000,40019893000,4.0,4.0
636A4,2201 N. Broadwell Avenue   Grand Island NE 68803,40.94236061,-98.35875693,,31079000300,,1.0
636A6,3600 30th Street   Des Moines IA 50310,41.62791954,-93.65880203,19153000703,19153000703,1.0,1.0
636A5,600 South 70th Street   Lincoln NE 68510,40.8099742,-96.6250177,31109003802,31109003802,1.0,1.0
636GA,710 S 13th Street Suite 1200  Norfolk NE 68701,42.02548963,-97.42640097,31119960900,31119960900,4.0,4.0
636A8,601 Highway 6 West   Iowa City IA 52246,41.66421384,-91.54503699,,19103002300,,1.0
636GB,600 East Francis Suite 3  North Platte NE 69101,41.1224633,-100.7585259,31111960500,31111960500,4.0,4.0
636GD,101 Iowa Ave. West   Marshalltown IA 50158,42.00701975,-92.91498177,19127950800,19127950800,4.0,4.0
636GC,520 S. Pierce Ave Suite 150  Mason City IA 50401,43.14677553,-93.22101206,19033950300,19033950300,4.0,4.0
636GF,2979 Victoria Street   Bettendorf IA 52722,41.55299703,-90.49717248,19163013705,19163013705,1.0,1.0
636GG,1707 N 12   Quincy IL 62301,39.950817,-91.396738,17001000400,17001000400,4.0,4.0
636GH,945 Tower Park Drive   Waterloo IA 50701,42.45607555,-92.36146427,,19013003001,,1.0
636GJ,200 Mercy Drive   Dubuque IA 52001,42.49160452,-90.67447691,19061000702,19061000702,1.0,1.0
636GI,387 East Grove Street   Galesburg IL 61401,40.95324816,-90.36493617,17095000600,17095000600,4.0,4.0
636GK01,102 N 25th Street   Fort Dodge IA 50501,42.50761642,-94.16325337,19187000100,19187000100,4.0,4.0
636GK,2419  2nd Avenue   Fort Dodge IA 50501,42.50833931,-94.16474224,19187000100,19187000100,4.0,4.0
636GL,2501 Capehart Road   Bellevue NE 68113,41.11841078,-95.94731727,,31153010206,,1.0
636GN,2230 Wiley Blvd SW   Cedar Rapids IA 52404,41.95689154,-91.72582624,19113001003,19113001003,1.0,1.0
636GM,311 South Clark Street Suite 275  Carroll IA 51401,42.05726874,-94.86774838,19027960400,19027960400,7.0,7.0
636GP,512 S. Fremont Street   Shenandoah IA 51601,40.76183743,-95.38519607,,19071970100,,10.3
636GQ,1118 Burlington Street   Holdrege NE 68949,40.44540755,-99.37952206,31137967000,31137967100,7.0,7.0
636GR,1515 West Pleasant   Knoxville IA 50138,41.32079337,-93.11368877,19125030401,19125030401,7.0,7.0
636GT,406 Avenue C   Sterling IL 61081,41.78906734,-89.70011898,17195001100,17195001100,4.0,4.0
636GS,1009 East Pennsylvania Avenue   Ottumwa IA 52501,41.02757616,-92.38954413,19179960400,19179960400,4.0,4.0
636GU,915 Short Street   Decorah IA 52101,43.29152357,-91.79691534,19191950300,19191950300,7.0,7.0
637GA,647 Wayah Street   Franklin NC 28734,35.17558076,-83.37480281,37113970301,37113970301,7.0,7.0
640BY,80 Great Oaks Blvd.   San Jose CA 95119,37.235307,-121.7776071,06085512032,06085512032,1.1,1.1
640A4,4951 Arroyo Road   Livermore CA 94550,37.62505686,-121.7567427,06001451101,06001451101,1.1,1.1
640A0,795 Willow Road   Menlo Park CA 94025,37.4649906,-122.1575834,06081613900,06081613900,1.0,1.0
637GB,374 Charlotte Road   Rutherford NC 28139,35.36449105,-81.94706618,37161960500,37161960500,4.0,4.0
640GC,39199 Liberty Street   Fremont CA 94538,37.55061734,-121.9817981,06001441923,06001441923,1.0,1.0
640GB,13663 Mono Way   Sonora CA 95370,37.97496339,-120.3453109,06109004100,06109004100,4.0,4.0
640GA,1350 N. 41st Street Suite 102  Capitola CA 95010,36.97056988,-121.964761,,06087121700,,1.1
640HB,1524 McHenry Ave. Suite 315  Modesto CA 95350,37.66555165,-120.9939469,06099001100,06099001100,1.0,1.0
640HA,7777 South Freedom Road   French Camp CA 95231,37.88266086,-121.2820252,06077003803,06077003803,1.1,1.1
642BU,1425-1429 Snyder Avenue   Philadelphia PA 19145,#N/A,#N/A,42101003901,,1.0,
640HC,3401 Engineer Lane   Seaside CA 93955,36.6527202,-121.8007725,,06053014104,,1.0
642GA,8th and Alabama Streets Building 5437 Joint Base McGuire-Dix Lakehurst NJ 08640,40.01051949,-74.61799675,,34005704802,,4.1
642GC,433 Caredean Drive   Horsham PA 19044,40.20235024,-75.1772307,42091200506,42091200506,1.0,1.0
642GD,211 County House Road   Sewell NJ 08080,39.77849976,-75.10148081,34015501209,34015501209,1.0,1.0
644GA,13985 W. Grand Avenue Suite 101  Surprise AZ 85374,33.6465547,-112.3607932,04013040531,04013040531,1.0,1.0
644BY,6950 East Williams Field Road   Mesa AZ 85212,33.30724477,-111.684555,04013522800,04013522800,1.0,1.0
644GB,5171 Cub Lake Road Bldg C  Show Low AZ 85901,34.20204469,-110.0148472,04017961700,04017961700,4.0,4.0
644GD,1106 North Beeline Highway   Payson AZ 85541,34.2546079,-111.3226157,,04007000301,,4.0
644GC,213 E Monroe Avenue   Buckeye AZ 85326,33.37047058,-112.5884875,04013050702,04013050702,2.0,2.0
644GE,9424 N 25th Avenue   Phoenix AZ 85021,33.57255723,-112.1122605,04013104402,04013104402,1.0,1.0
644GF,5860 S. Hospital Dr. Suite 111  Globe AZ 85501,33.40713243,-110.8260853,04007000900,04007000900,4.1,4.1
646GA,103 Plaza Drive Suite A  St. Clairsville OH 43950,40.07734393,-80.91725639,39013012300,39013012300,1.0,1.0
646A4,1010 Delafield Road   Pittsburgh PA 15240,40.49705444,-79.89083336,,42003421100,,1.0
646A5,7180 Highland Drive   Pittsburgh PA 15206,40.47740113,-79.89843314,42003561900,42003561900,1.0,1.0
646GC,90 Wagner Road   Monaca PA 15061,40.67983899,-80.31128184,42007605500,42007605500,1.0,1.0
646GB,5274 Route 30 Suite10  Greensburg PA 15601,40.30300019,-79.5099682,,42129804502,,1.0
646GD,1500 West Chestnut Street Room450  Washington PA 15301,40.16335872,-80.27586283,42125752700,42125752700,1.0,1.0
646GE,635 Pittsburgh Road Suite 520  Uniontown PA 15401,39.92142847,-79.72654192,42051261700,42051261700,1.1,1.1
648GD,91400 Neocoxie Street Bldg. 7315  Warrenton OR 97146,46.13088376,-123.9292918,,41007951300,,7.2
648A4,1601 E 4th Plain Blvd   Vancouver WA 98661,45.639389,-122.6554172,53011042600,53011042600,1.0,1.0
648GA,2115 Wyatt Court Suite 201  Bend OR 97701,44.07166265,-121.26505,41017001700,41017001700,1.0,1.0
648GB,1660 Oak Street SE Suite 100  Salem OR 97301,44.93041889,-123.0236538,41047000900,41047000900,1.0,1.0
648GF,1925 NW Amberglen Parkway Suite #300  Hillsboro OR 97006,45.53325244,-122.8793756,41067031609,41067031609,1.0,1.0
648GG,1750 SW Blankenship Road Suite 300  West Linn OR 97068,#N/A,#N/A,41005020501,,1.0,
649GA,1726 Beverly Avenue   Kingman AZ 86409,35.218322,-114.038857,04015954900,04015954900,4.0,4.0
649GB,1300 W. University Avenue #200  Flagstaff AZ 86001,35.18421803,-111.6717421,04005001102,04005001102,1.0,1.0
649GC,2035 Mesquite Ave Suite D  Lake Havasu City AZ 86403,34.47798565,-114.330843,04015953100,04015953100,1.0,1.0
649GD,3618 Anthem Way "Building D  Suite 120"  Anthem AZ,85086,33.8660674,,,,
650GA,175 Elm Street   New Bedford MA 02740,41.63595049,-70.929409,25005651800,25005651800,1.1,1.1
649GE,501 S Willard Street   Cottonwood AZ 86326,34.73079216,-112.0288018,04025002004,04025002004,4.0,4.0
650GB,233 Stevens Street   Hyannis MA 02601,41.65137545,-70.2940033,25001015300,25001015300,1.1,1.1
648GE,10535 NE Glisan Street Suite 200  Portland OR 97220,45.52635593,-122.5550099,41051008100,41051008100,1.0,1.0
650GD,One Corporate Place   Middletown RI 02842,41.52988869,-71.29572572,,44005040303,,1.1
652GE,650 Peter Jefferson Parkway Suite 160  Charlottesville VA 22911,38.02302782,-78.43606947,51003010500,51003010500,1.0,1.0
652GA,1965 Jefferson Davis Highway   Fredericksburg VA 22401,38.28456999,-77.48816045,51630000500,51630000500,1.1,1.1
652GF,1746 East Atlantic Street   Emporia VA 23847,36.68938355,-77.52426507,51595890100,51595890100,7.1,7.1
653BY,100 E. River Avenue   Eugene OR 97404,44.09576711,-123.1258438,41039002800,41039002800,1.0,1.0
653GB,555 - 5th Street   Brookings OR 97415,42.05595186,-124.2879477,41015950302,41015950302,4.0,4.0
653BY01,2400 River Road   Eugene OR 97402,44.09928346,-123.1295669,,41039002301,,1.0
653GA,2191 Marion Street   North Bend OR 97459,43.40402938,-124.2364212,41011000300,41011000300,4.0,4.0
654GB,925 Ironwood Dr. Suite 2102  Minden NV 89423,38.96339924,-119.77747,32005001400,32005001400,4.1,4.1
654GA,11985 Heritage Oaks Place Suite 1  Auburn CA 95603,38.94151874,-121.0988528,06061021501,06061021501,4.1,4.1
655GA,806 S. Otsego   Gaylord MI 49732,45.019503,-84.677792,,26137950300,,7.0
654GD,110 Bella Way   Susanville CA 96130,40.40666721,-120.627698,06035040303,06035040303,4.0,4.0
654GC,345 West A Street   Fallon NV 89406,39.47609332,-118.7807944,32001950302,32001950302,4.0,4.0
655GB,3271 Racquet Club Drive   Traverse City MI 49684,44.73297279,-85.61752625,26055551300,26055551300,4.0,4.0
655GD,180 N. State Street   Alpena MI 49707,45.06107339,-83.43051557,26007000400,26007000400,4.0,4.0
655GC,5671 Skeel Ave. Suite 4  Oscoda MI 48750,44.45019491,-83.35033742,,26069000100,,7.0
655GE,11775 N Isabella Road   Clare MI 48617,43.81191857,-84.74843146,26073000100,26073000100,5.0,5.0
655GH,14540 Mackinaw Hwy   Mackinaw City MI 49701,45.76015138,-84.73212257,26031960100,26047970100,8.0,10.0
655GF,1142 S Van Dyke Road Suite 100  Bad Axe MI 48413,43.80198064,-83.03728932,26063951100,26063951100,8.0,8.0
655GG,1909 N Mitchell Street   Cadillac MI 49601,44.27605951,-85.4067061,26165380500,26165380500,5.0,5.0
656GC,515 22nd Avenue E   Alexandria MN 56308,45.86751878,-95.37326486,27041450701,27041450701,4.0,4.0
656GA,722 Northwest 7th Street   Brainerd MN 56401,46.35937979,-94.22225664,27035951200,27035951200,4.0,4.0
656GB,1025 North 13th Street   Montevideo MN 56265,44.95565669,-95.7113006,27023950600,27023950600,7.0,7.0
657A0,1 Jefferson Barracks Drive   St. Louis MO 63125,38.50922269,-90.2893475,29189220300,29189220300,1.0,1.0
657A4,1500 N. Westwood Blvd.   Poplar Bluff MO 63901,36.77164076,-90.41800529,,29023950300,,4.0
657A5,2401 W. Main Street   Marion IL 62959,37.72969773,-88.95593497,17199021200,17199021200,1.0,1.0
657GB,6854 Parker Road   Florissant MO 63033,38.7958981,-90.23239202,29189210806,29189210806,1.0,1.0
657GD,844 Waterbury Falls Drive   OFallon MO 63368,38.72085209,-90.69698385,29183311124,29183311124,1.0,1.0
657GA,6500 W. Main Street   Belleville IL 62223,38.55427966,-90.0403079,17163503211,17163503211,1.0,1.0
657GF,1211 Missouri Avenue   West Plains MO 65775,36.74262371,-91.8710321,29091090800,29091090800,4.0,4.0
657GG,2420 Linwood Drive Suite #3  Paragould AR 72450,36.03163344,-90.52071342,05055480802,05055480802,4.1,4.1
657GH,3051 William Street   Cape Girardeau MO 63703,37.30076845,-89.57029765,,29031881500,,1.0
657GI,1580 West Columbia   Farmington MO 63640,37.77311956,-90.44154042,29187950902,29187950902,4.1,4.1
657GJ,6211 East Waterford Blvd   Evansville IN 47713,37.98582325,-87.47506945,,18163010100,,1.0
657GL,2620 Perkins Creek Drive   Paducah KY 42001,37.06882408,-88.68622855,21145031400,21145031400,4.0,4.0
657GN,Hwy 72N North Box 774   Salem MO 65560,37.64468564,-91.54479005,,29065960300,,7.0
657GO,926 Veterans Drive   Hanson KY 42413,37.41552488,-87.46546715,21107970100,21107970100,5.0,5.0
657GP,3400 New Hartford Road   Owensboro KY 42303,37.738046,-87.09187163,21059000900,21059000900,1.0,1.0
657GK,4105 N Water Tower Place   Mt. Vernon IL 62864,38.30722691,-88.93862942,17081050500,17081050500,4.0,4.0
657GM,1901 S. 4th Street Suite 21  Effingham IL 62401,39.10506875,-88.54231593,17049950600,17049950600,4.0,4.0
657GQ,1815 Willow Street Suite 6A  Vincennes IN 47591,38.65810171,-87.53066341,,18083955900,,4.0
657GR,1253 Paris Road Suite A  Mayfield KY 42066,36.72157759,-88.62685527,,21083020300,,4.0
657GU,608 Rollie Moore Dr.   Harrisburg IL 62946,37.73108666,-88.53543006,,17165955900,,7.1
657GS,1627 A. Roy Drive   Washington MO 63090,36.868542,-89.585369,29071800201,29143960100,4.1,4.0
657GV,903 South Kings Highway   Sikeston MO 63801,36.868484,-89.585469,,29143960100,,4.0
658GB,705 Piney Forest Road   Danville VA 24540,36.61189769,-79.40570102,,51590000200,,4.0
658GA,123 Ben Bolt Avenue   Tazewell VA 24651,37.12543723,-81.49139325,51185020700,51185020700,7.2,7.2
658GE,165 Peppers Ferry Road   Wytheville VA 24382,36.95484443,-81.07860884,51197050200,51197050200,7.2,7.2
658GC,1600 Lakeside Drive   Lynchburg VA 24501,37.40172654,-79.18969084,,51680000802,,1.0
658GD,102 Business Way   Staunton VA 24401,38.13622515,-79.08822398,,51790000200,,1.0
658HG,710 E. Dolly Anne Drive   Covington VA 24426,37.77901451,-79.97968804,51005080201,51580060100,7.1,7.1
659BY01,2101 Peters Creek Parkway "Market Place Mall Suite undefined undefined undefined undefined,,,,,,
,27127 36.07028927 -80.25794151 undefined undefined undefined,,,,,,
659BY,190 Kimel Park Drive   Winston-Salem NC 27103,36.05781567,-80.30281768,37067003804,37067003804,1.0,1.0
659GA01,601 East 5th Street Suite #480  Charlotte NC 28202,35.22295704,-80.83595377,37119000600,37119000600,1.0,1.0
659GA,8601 University East Drive   Charlotte NC 28213,35.28141946,-80.73173858,37119005613,37119005613,1.0,1.0
660GB,982 Chambers Street   South Ogden UT 84403,41.16459783,-111.9526938,49057210900,49057210900,1.1,1.1
660GC,6 Steptoe Circle   Ely NV 89301,39.25511083,-114.860611,32033970200,32033970200,7.0,7.0
660GA,444 Hospital Way Suite 801  POCATELLO ID 83201,42.87823285,-112.4184779,16005000600,16005000600,1.0,1.0
659GB,2440 Century Place SE   Hickory NC 28602,35.72672127,-81.28551586,37035011000,37035011000,1.0,1.0
660GE,1443 West 800 North Suite 302  Orem UT 84057,40.31184269,-111.7302196,49049002201,49049002201,1.1,1.1
660GD,245 West 200 North   Roosevelt UT 84066,40.30226621,-109.9774841,49013940500,49013940500,7.0,7.0
660GI01,48 West 1500 North   Nephi UT 84648,39.73052801,-111.8370774,49023010100,49023010100,7.1,7.1
660GG,1067 E. Tabernacle Suite 7  St. George UT 84770,37.10818003,-113.5603358,49053270300,49053270300,1.0,1.0
660GJ,2750 South 5600 West Suite B  West Valley City UT 84120,40.70886639,-112.0249004,49035113407,49035114500,1.0,1.0
662GA,3841Brickway Blvd.   Santa Rosa CA 95403,38.51086959,-122.7930627,,06097152702,,1.0
662GE,1001 Sneath Lane   San Bruno CA 94066,37.6347139,-122.4258115,06081604102,06081604102,1.0,1.0
662GD,238B Hospital Drive   Ukiah CA 95482,39.15235052,-123.2037531,06045011500,06045011500,4.0,4.0
662GC,714 F Street   Eureka CA 95501,40.80013174,-124.1656945,06023000100,06023000100,4.0,4.0
662GF,401 3rd Street   San Francisco CA 94107,37.78229264,-122.3970422,06075061500,06075061500,1.0,1.0
663GA,13033 Bel-Red Road Suite 210  Bellevue WA 98005,47.62163107,-122.1666808,53033023601,53033023601,1.0,1.0
662GG,15145 Lakeshore Drive   Clearlake CA 95422,38.94988243,-122.6285726,06033000801,06033000802,4.1,4.1
663GA01,34617 11th Place South Suite 301  Federal Way WA 98003,47.29138204,-122.3195656,53033030313,53033030313,1.0,1.0
663A4,9600 Veterans Drive   Tacoma WA 98493,47.142189,-122.564299,,53053072108,,1.0
663GA02,12360 Lake City Way NE Suite 200  Woodinville WA 98125,47.71892872,-122.2953378,53033000700,53033000700,1.0,1.0
663HK,9600 Veterans Drive   Tacoma WA 98493,#N/A,#N/A,,,,
663GB,925 Adele Ave.   Bremerton WA 98312,47.57018985,-122.6630616,53035081100,53035081100,1.1,1.1
664BY,8810 Rio San Diego Drive   San Diego CA 92108,32.77611027,-117.1394555,06073009304,06073009304,1.0,1.0
663GC,307 S. 13th Street Suite 200  Mount Vernon WA 98274,48.41917799,-122.325383,53057952401,53057952401,1.0,1.0
663GD,151 NE Hampe Way Suite B2-6  Chehalis WA 98532,46.68801789,-122.9558359,53041970800,53041970800,4.1,4.1
664GA,1600 S Imperial Dr.   El Centro CA 92243,32.77888755,-115.5696771,06025011802,06025011802,1.0,1.0
664GB,1300 Rancho del Oro Drive   Oceanside CA 92056,33.20724363,-117.3103419,06073018513,06073018513,1.0,1.0
664GD,815 East Pennsylvania Ave.   Escondido CA 92025,33.12748276,-117.0717607,06073020202,06073020202,1.0,1.0
664GC,835 3rd Avenue Suite B  Chula Vista CA 91910,32.62412009,-117.0730646,,06073012900,,1.0
666GB,4140 S. POPLAR STREET   CASPER WY 82601,42.80904413,-106.3439371,56025000902,56025000902,1.0,1.0
666GC,2300 Rose Lane   RIVERTON WY 82501,43.03571676,-108.4212882,56013940400,56013940400,4.0,4.0
666GE,604 Express Drive   Gillette WY 82718,44.246114,-105.5108135,56005000100,56005000100,5.0,5.0
666GD,777 Avenue H   Powell WY 82435,44.75615025,-108.7708598,56029965200,56029965200,7.0,7.0
666GF,1401 Gateway Blvd Suite #1  Rock Springs WY 82901,41.59275605,-109.2423891,56037970903,56037970903,4.0,4.0
667GA,910 Realtor Road   Texarkana AR 71854,33.47002176,-94.03305454,05091020100,05091020100,1.0,1.0
667GB,250 DeSiard Plaza Drive   Monroe LA 71203,32.52523857,-92.04116835,22073000500,22073000500,1.0,1.0
668GA,2530 Chester Kimm Road   Wenatchee WA 98801,47.46335939,-120.3340334,53007960700,53007960700,1.0,1.0
667GC,1005 N Eastman Road   Longview TX 75601,32.51316127,-94.71109532,,48183000200,,1.0
668GB,2177 Ironwood Center Drive   Coeur dAlene ID 83814,47.69672446,-116.7966042,16055000900,16055000900,1.1,1.1
668HK,N 4815 Assembly St.   Spokane WA 99205,#N/A,#N/A,,,,
671A4,3600 Memorial Blvd.   Kerrville TX 78028,30.01367916,-99.11657158,48265960100,48265960100,5.0,5.0
671GB,1502 E. Airline Drive Suite 40  Victoria TX 77901,28.82116016,-96.9897829,48469000602,48469000602,1.0,1.0
671BY,5788 Eckert Road   San Antonio TX 78240,29.51685287,-98.59598624,,48029181503,,1.0
671GC,612 Bedell   Del Rio TX 78840,29.37325702,-100.8918548,48465950400,48465950400,4.0,4.0
671GF,4610 East Southcross Blvd.   San Antonio TX 78222,29.37454898,-98.40199728,,48029131300,,1.0
671GJ,3040 E Main   Uvalde TX 78801,29.23170066,-99.75425386,48463950200,48463950200,4.0,4.0
671GK01,2391 NE Loop 410 Suite 101  San Antonio TX 78217,29.51632709,-98.41935419,,48029121204,,1.0
671GH,302 S. Hillside Drive   Beeville TX 78102,28.40691445,-97.73229015,48025950500,48025950500,4.0,4.0
671GK,4318 Woodcock Drive Suite 120  San Antonio TX 78228,29.48667689,-98.57040134,48029180604,48029180604,1.0,1.0
671GK02,1714 SW Military Drive Suite 101  San Antonio TX 78221,29.35667045,-98.52032108,48029151301,48029151100,1.0,1.0
671GN,526 East Court Street   Seguin TX 78155,29.56903618,-97.96080061,,48187210300,,4.1
671GK03,4243 E Southcross Suite 206  San Antonio TX 78222,29.37489971,-98.41172794,48029141300,48029141300,1.0,1.0
671GO,17440 Henderson Pass   San Antonio TX 78232,29.60304872,-98.46104676,48029121118,48029121118,1.0,1.0
671GL,189 East Austin Street Suite 106  New Braunfels TX 78130,29.71636329,-98.12339631,48091310200,48091310200,1.0,1.0
672B0,Paseo Del Veterano #1010   Ponce PR 00716,17.98796852,-66.60363502,,72113072102,,1.0
672GA,RR2 Box 10553 Kingshill  St. Croix VI 00850,17.7276542,-64.78857738,,78010970800,,
672GB,50 Estate Thomas Suite 101  St. Thomas VI 00802,18.34275678,-64.93256858,,78030961000,,
672BZ,Avenida Hostos #345   Mayaguez PR 00680,18.18430617,-67.15009091,,72097082103,,1.0
672GC,Barrio Victor Rojas 2 Zona Industrial Carr. 9  Arecibo PR 00616,18.46607427,-66.73969354,,72013300800,,1.0
672GD,Building Lot #3 PR3 Km 54.9 Pueblo Ward  Ceiba PR 00735,18.25254,-65.66874999,,72037160300,,1.0
672GE,Calle Arnaldo Bristol #850 Suite 1  Guayama PR 00784,17.97400549,-66.12012257,,72057270800,,1.0
673GB,4237 South Pipkin Road   Lakeland FL 33811,27.98774944,-81.9961961,12105011902,12105011902,1.0,1.0
673GC,14540 Cortez Blvd. Suite 108  Brooksville FL 34613,28.53377281,-82.48422219,12053040909,12053040909,1.1,1.1
673GF,6937 Medical View Lane   Zephyrhills FL 33542,28.25776318,-82.1831302,12101032804,12101032804,1.1,1.1
673BZ,9912 Little Road   New Port Richey FL 34654,28.30047069,-82.67009407,12101031008,12101031012,1.0,1.0
674BY,2901 Montopolis Drive   Austin TX 78741,30.21474957,-97.71055354,48453002312,48453002313,1.0,1.0
674A4,4800 Memorial Drive   Waco TX 76711,31.51396301,-97.16233941,48309004300,48309004300,1.0,1.0
674GC,1651 Rock Prarie Road Suite 100  College Station TX 77845,30.58274316,-96.29027224,48041001801,48041001801,1.0,1.0
674GB,2600 Memorial Drive   Brownwood TX 76801,31.67721033,-98.98975685,,48049951100,,4.0
674GA,2000 S. Loop 256 Suite 124  Palestine TX 75801,31.73494456,-95.609911,48001950800,48001950800,4.0,4.0
721 Beville Road,Daytona Beach FL 32119 29.17870362 -81.02023385 undefined,,,,,,
675GB01,undefined undefined undefined undefined undefined undefined,,,,,,
675GB,551 National Health Care Drive   Daytona Beach FL 32114,29.205871,-81.06201203,12127082301,12127082301,1.0,1.0
675GA,2900 Veterans Way   Viera FL 32940,28.25517184,-80.74147999,12009071200,12009071200,1.0,1.0
674GD,701 E. Whitestone   Cedar Park TX 78613,30.52346884,-97.82244718,48491020320,48491020320,1.0,1.0
675GC,2285 North Central Avenue   Kissimmee FL 34741,28.3130506,-81.40854395,12097042200,12097042200,1.1,1.1
675GE,711 W. Main Street   Leesburg FL 34748,28.81105282,-81.87852991,12069030602,12069030602,1.1,1.1
675GD,2583 South Volusia Avenue (17 92)  Sanford FL 32763,28.91391736,-81.30229748,,12127090804,,1.1
675GF,805 Oakley Seaver Drive   Clermont FL 34711,28.54685976,-81.72775804,,12069031307,,1.0
675GG,5201 Raymond Street   Orlando FL 32803,28.57909012,-81.32026632,,12095018200,,1.0
676GD,555 West Grand Avenue   Wisconsin Rapids WI 54495,44.39428807,-89.82998345,55141011200,55141011200,4.0,4.0
676GE,8 Johnson Street   Owen WI 54460,44.94589162,-90.54785948,55019950200,55019950200,10.3,10.3
676GA,515 S. 32 Avenue   Wausau WI 54401,44.95834284,-89.67601952,55073001400,55073001400,1.0,1.0
676GC,2600 State Road   La Crosse WI 54601,43.79518671,-91.21669306,55063001200,55063001200,1.0,1.0
678GA,101 N. Coronado Dr. Suite A  Sierra Vista AZ 85635,31.55690676,-110.2759259,04003001601,04003001601,1.0,1.0
678GB,2555 East Gila Ridge Rd. Building 1220  Yuma AZ 85365,32.68781321,-114.5884628,04027001200,04027001200,1.0,1.0
678GC,1876 E Sabin Dr. Bldg A  Casa Grande AZ 85222,32.88170128,-111.7059563,,04021001405,,1.1
678GE,380 West Vista Hermosa Drive Suite 140  Green Valley AZ 85614,31.85473494,-110.9974756,04019004317,04019004317,2.0,2.0
678GF,2945 W. Ina Road   Tucson AZ 85741,32.33732943,-111.0303582,04019004627,04019004627,1.0,1.0
679HK,3701 Loop Road East   Tuscaloosa AL 35404,#N/A,#N/A,01125012303,,1.0,
687GA,825 Jadwin Ave.   Richland WA 99352,46.27719396,-119.275342,53005010500,53005010500,1.0,1.0
678GG,7395 S. Houghton Road Suite 129  Tucson AZ 85747,32.11748757,-110.772613,04019004062,04019004062,2.0,2.0
678GD,711 South 14th Avenue   Safford AZ 85546,32.83233809,-109.7246326,04009961300,04009961300,4.0,4.0
687HA,717 Fruitvale Blvd.   Yakima WA 98902,46.6126353,-120.5209771,53077000300,53077000300,1.0,1.0
687GC,202 12th Street   La Grande OR 97850,45.31363295,-118.0864474,41061970700,41061970700,4.0,4.0
688GA,9300 Dewitt Loop   Fort Belvoir VA 22060,38.70946952,-77.1423228,51059416200,51059416200,1.0,1.0
687GB,1630 23rd Ave Bldg 2   Lewiston ID 83501,46.39723395,-117.0090057,16069960500,16069960500,1.0,1.0
688GB,820 Chesapeake St. SE   Washington DC 20032,38.82918442,-76.99236833,11001009700,11001009811,1.0,1.0
688GC,7525 Greenway Center Drive Suite T4  Greenbelt MD 20770,38.99161945,-76.87838811,24033806710,24033806710,1.0,1.0
688GD,29431 Charlotte Hall Road   Charlotte Hall MD 20622,38.47515136,-76.77680165,24037875100,24037875100,2.0,2.0
689A4,555 Willard Avenue   Newington CT 06111,41.70226115,-72.73488298,09003494600,09003494600,1.0,1.0
689GA,95 Scovill Street   Waterbury CT 06706,41.55361392,-73.03730463,09009350100,09009350100,1.1,1.1
689GD,115 Spencer Street   Winsted CT 06098,41.93027261,-73.07579376,09005320100,09005320100,4.1,4.1
688GE,5801 Allentown Road Suites 103 104 and 106  Camp Springs MD 20746,38.80788848,-76.89898273,,24033801904,,1.0
689GC,1320 Main Street   Willimantic CT 06226,41.71623512,-72.2242511,09015800300,09015800300,4.1,4.1
689GB,1275 Summer Street Suite 102  Stamford CT 06905,41.06231793,-73.54202943,09001021600,09001021600,1.1,1.1
689GE,7 Germantown Road Suite 2B  Danbury CT 06810,41.40884945,-73.43626265,09001210300,09001210300,1.1,1.1
691A4,16111 Plummer Street   Sepulveda CA 91343,34.24294941,-118.4788933,06037117202,06037117202,1.0,1.0
689HC,4 Shaw's Cove 1st Floor Suite 101  New London CT 06320,41.34595207,-72.10042326,,09011690700,,1.0
691GD,1801 Westwind Drive   Bakersfield CA 93301,35.37585078,-119.0425081,06029001700,06029001700,1.0,1.0
691GB,4440 Calle Real   Santa Barbara CA 93110,34.44242141,-119.7764829,06083000101,06083000101,1.0,1.0
691GF,5426 E. Olympic Blvd. Suite 150  Commerce CA 90022,34.01554222,-118.1553208,06037532303,06037532303,1.0,1.0
691GG,547 W. Lancaster Blvd.   Lancaster CA 93534,34.69820264,-118.1386085,06037900806,06037900806,1.1,1.1
691GC,1251 Redondo Beach Blvd. Third Floor  Gardena CA 90247,33.8922842,-118.2975277,,06037603004,,1.0
691GE,351 East Temple Street   Los Angeles CA 90012,34.05168903,-118.238757,06037207400,06037207400,1.0,1.0
691GK,1288 Morro St. #200  San Luis Obispo CA 93401,35.27924764,-120.6603864,06079011101,06079011101,1.0,1.0
692GA,2819 Dahlia St.   Klamath Falls OR 97601,42.2511677,-121.7908991,41035972000,41035972000,4.0,4.0
691GM,2000 Outlet Center Drive Suite 225  Oxnard CA 93036,34.2216429,-119.1483672,06111004902,06111004902,1.0,1.0
693B4,3110 Hamilton Boulevard   Allentown PA 18103,40.58126929,-75.51969154,42077006101,42077006101,1.0,1.0
693GC,Tobyhanna Army Depot Bldg 220   Tobyhanna PA 18466,41.19494561,-75.42527252,,42089300308,,4.1
691GL,1550 East Main Street   Santa Maria CA 93454,34.95274801,-120.4074603,06083002211,06083002211,1.0,1.0
692GB,520 SW Ramsey Avenue Suite 102  Grants Pass OR 97527,#N/A,#N/A,41033361200,,1.1,
693GB,1705 Warren Ave. Suite 304  Williamsport PA 17701,41.25899966,-76.98130667,42081011100,42081011100,1.0,1.0
693GF,301 West Third Street   Berwick PA 18603,41.05397222,-76.2385656,42037050600,42037050600,1.0,1.0
693GA,1537 N. Elmira Street   Sayre PA 18840,41.99166308,-76.54788541,42015950500,42015950500,4.1,4.1
693GG,701 Slate Belt Boulevard   Bangor PA 18013,40.87311856,-75.23057849,42095015300,42095015300,1.0,1.0
695BY,10 Tri-Park Way   Appleton WI 54914,44.28032598,-88.45272572,55087011102,55087011102,1.0,1.0
695GA,21425 Spring Street Wallace Hall  Union Grove WI 53182,42.69853414,-88.08237912,55101980000,55101980000,7.1,7.1
695GD,141 Siegler Street   Green Bay WI 54303,44.53096703,-88.06797777,55009000303,55009000303,1.0,1.0
740GB,2101 S. Colonel Rowe Blvd.   McAllen TX 78503,26.18361783,-98.22439821,,48215021202,,1.0
740GA,2106 Treasure Hills Blvd   Harlingen TX 78550,26.17449191,-97.66669062,48061011302,48061011302,1.1,1.1
740GD,6551 Star Court   Laredo TX 78041,27.55409636,-99.49352241,48479001718,48479001718,1.0,1.0
756GA,1635 Don Roser   Las Cruces NM 88011,32.29979328,-106.7418849,,35013001203,,1.0
756GB,2400 Trawood Drive   El Paso TX 79936,31.76509981,-106.3167236,48141004307,48141004307,1.0,1.0
740GC,5283 Old Brownsville Rd   Corpus Christi TX 78405,27.75724421,-97.45815881,48355001701,48355000800,1.0,1.0
695GC,1205 North Avenue   Cleveland WI 53015,43.92162429,-87.72968279,,55071010600,,2.0
757GB,1955 Ohio Drive   Grove City OH 43123,39.88080664,-83.05494994,39049009720,39049009720,1.0,1.0
757GA,2800 Maple Avenue   Zanesville OH 43701,39.97444405,-82.01225799,39119911600,39119911500,4.0,4.0
757GC,1203 Delaware Ave.   Marion OH 43302,40.56710319,-83.12132481,39101000600,39101000600,4.0,4.0
757GD,1855 W Main Street   Newark OH 43055,40.04126038,-82.46828735,39089753300,39089753300,1.1,1.1